,Unnamed: 0,Theft,Assault & Kidnapping,Fraud & Drugs & Weapons,Environment & Public Order,PopulationTotalMale,PopulationTotalFemale,PopulationTotal,PrincipalStatusAtWork,PrincipalStatusLookingForFirstJob,PrincipalStatusUnemployed,PrincipalStatusStudent,PrincipalStatusLookingAfterHome/Family,PrincipalStatusRetired,PrincipalStatusUnableToWork,PrincipalStatusOther,SocialClassProfessionalWorkers,SocialClassManagerialAndTechnical,SocialClassNonManual,SocialClassSkilledManual,SocialClassSemiSkilled,SocialClassUnskilled,SocialClassOther,AgeEducationCeasedUnder15,AgeEducationCeasedAge15,AgeEducationCeasedAge16,AgeEducationCeasedAge17,AgeEducationCeasedAge18,AgeEducationCeasedAge19,AgeEducationCeasedAge20,AgeEducationCeasedAge21+,AgeEducationCeasedNotStated,EducationNotCeasedStillAtSchool,EducationNotCeasedOther,HighestLevelEducationNoFormalEducation,HighestLevelEducationPrimary,HighestLevelEducationLowerSecondary,HighestLevelEducationUpperSecondary,HighestLevelEducationTechnicalQualification,HighestLevelEducationAdvCert/Apprenticeship,HighestLevelEducationHigherCertificate,HighestLevelEducationOrdinaryBachelorDegree,HighestLevelEducationHonoursBachelorDegree,HighestLevelEducationPostgraduateDegree,HighestLevelEducationDoctorate,HighestLevelEducationNotStated,GeneralHealthVeryGood,GeneralHealthGood,GeneralHealthFair,GeneralHealthBad,GeneralHealthVeryBad,GeneralHealthNotStated,Total_Under18Male,Total_Under18Female,Total_Under18,Green,NoLowEducation,MiddleEducation,HighEducation,EducationCeasedYoung,ContinuedEducation,StillInEducation,GoodHealth,PoorHealth,TotalCrime,LowerSocialClass,HigherSocialClass
Unnamed: 0,1.0,-0.30986652459827224,-0.2628993561141496,-0.2674986219043411,-0.26454289505718115,-0.44051605835410335,-0.45625370501412765,-0.44896425309388377,-0.4098672939810824,-0.4335428895617034,-0.4377702231002095,-0.496771721810837,-0.43599757225872887,-0.4219838981576895,-0.42393204636931375,-0.1744975690927099,-0.459582330493475,-0.3845358795028332,-0.3748305749126804,-0.3235355117369972,-0.375209172183788,-0.3933608267554263,-0.4708711972718001,-0.3086663874470294,-0.3215704284717723,-0.3398786378172541,-0.33983610673564313,-0.3793039351326639,-0.3812106209357027,-0.4057278155940648,-0.46194041192617225,-0.4108688257439688,-0.496771721810837,-0.38908554088125313,-0.4357079873362218,-0.3243204092519829,-0.3429918069248851,-0.39009382534836273,-0.36888955463494,-0.3234970505118877,-0.3818765870300316,-0.41776118682080055,-0.43225039093010564,-0.44708868047742645,-0.4814071047712807,-0.3100007958205054,-0.43877244976417734,-0.4489243425873993,-0.45675553079253806,-0.43538022560551193,-0.37173225011792776,-0.28706331880906466,-0.382104083744331,-0.3830782466288882,-0.3826292562191448,-0.21624470063501733,-0.3483224679552839,-0.3526898769284083,-0.4424977998549427,-0.34706672272483485,-0.45958472007468765,-0.38908554088125313,-0.44468533987393166,-0.43538022560551193,-0.2972461217555018,-0.38353072761139473,-0.41546286524904835
Theft,-0.30986652459827224,1.0,0.8756943837960994,0.8112670981749462,0.668676050324452,0.7403703465172703,0.7215846979266324,0.7313001090255079,0.7605544750268078,0.7813015546799191,0.7249886130558407,0.7532718393812889,0.5872525200266955,0.5191923620634228,0.6758849849534536,0.4085314722869457,0.5192145784340072,0.5865193440144698,0.6454144775989628,0.6057734411047533,0.6689570494471799,0.6903643736641027,0.8252941357577175,0.5217151326844974,0.5842669882099267,0.5701175822215333,0.5986844894436892,0.5928288413331368,0.6379880193366662,0.6508547812248071,0.6862778828564398,0.7421819725616455,0.7532718393812889,0.8020949601584725,0.6349107735650354,0.5502778180633814,0.5820198707420976,0.6101982873841688,0.6386344847685855,0.6009672359080751,0.6397267487201287,0.6630775317161756,0.6522951732408494,0.6396981769048806,0.5016253525330447,0.9333665337732239,0.6853576017974828,0.7465049033660073,0.7089088670736299,0.7029764272640358,0.688829159629315,0.9400473622178207,0.5635251301764739,0.567236824366744,0.5654061231131935,0.29143852918099566,0.5865806153800183,0.6260064332594119,0.6628528683524997,0.5996863365999887,0.7511810309065682,0.8020949601584725,0.7082855636116884,0.7029764272640358,0.9490847442764111,0.6807501801246005,0.6221343486098126
Assault & Kidnapping,-0.2628993561141496,0.8756943837960994,1.0,0.8588084803231599,0.738196687154127,0.6180684230965108,0.5878646258569092,0.6030267921390275,0.6150870256855898,0.7334144128036919,0.6961598593207288,0.68483885251251,0.44466885285099067,0.29800196649171456,0.6241558811881697,0.4473415793166067,0.279828953898579,0.375939677003275,0.5222641344535112,0.5409010867455859,0.6428868102538283,0.6686506914113179,0.8380226633815073,0.4392962608023626,0.4911089529942399,0.4678540535389442,0.4767132543431998,0.4475689587455399,0.5279097979808666,0.5240556328310835,0.46970979109899497,0.6482353992218206,0.68483885251251,0.7600831557986101,0.6281649761460053,0.4774835332375146,0.5079647837174303,0.4858283723823578,0.5634950217407195,0.521316831069705,0.5075223614473883,0.4891030670600926,0.41429595956455545,0.40167286973073046,0.319539005268652,0.8956164692563983,0.5432530528802624,0.6436679492423362,0.6021793329239407,0.6082155549533308,0.575465251323014,0.9057927110709583,0.46698373884692324,0.4710462845102501,0.46902239083762487,0.1562217154964241,0.5137886941666922,0.5489832162042763,0.4366376933351765,0.49371661711537324,0.5887573539682115,0.7600831557986101,0.5771313614977508,0.6082155549533308,0.9565293170998392,0.6556623439263428,0.4230679931295723
Fraud & Drugs & Weapons,-0.2674986219043411,0.8112670981749462,0.8588084803231599,1.0,0.6897418801689188,0.6409441983621383,0.6168524057437356,0.6290648727699101,0.6274122717245538,0.7444429470613971,0.7535523278546933,0.5510833796359308,0.5348724950933378,0.3491492128697897,0.7320937306369055,0.300410698035257,0.19991999247169848,0.3721904539140631,0.609834864310285,0.6790226967145447,0.7517687819421944,0.7771970009679275,0.7611532736348189,0.6593976559760907,0.706895865056844,0.6503964329747758,0.5854835098686331,0.5254096881694533,0.5624724407864051,0.49369808279614585,0.38695004717335385,0.6509595224091067,0.5510833796359308,0.7249115405684775,0.7293434105941216,0.6730709793072971,0.6763328547180834,0.5440033433149467,0.631770563120953,0.5835521977919038,0.48665727382960366,0.43418145554699894,0.3415876349826564,0.3009692935309785,0.1685191539485233,0.8411977495835006,0.5665591096529904,0.6762301482040437,0.6740275014429419,0.6665497042951769,0.5874716762359519,0.8103924257753874,0.5319653730410677,0.5355765075790274,0.5337932141822328,0.06101866785328353,0.6972028434494926,0.6151501502795438,0.35646969351130114,0.6846612578051803,0.5470034043457921,0.7249115405684775,0.6033867811290543,0.6665497042951769,0.9384413797550714,0.7654026249615061,0.43348591860658303
Environment & Public Order,-0.26454289505718115,0.668676050324452,0.738196687154127,0.6897418801689188,1.0,0.36480513620559235,0.3267155911704691,0.3455042663937767,0.3833143247058362,0.5267234036453131,0.4564314620556008,0.47867411482059474,0.17821882906981193,0.12676812472492863,0.4091681166344935,0.26529086245803524,0.1623270461891011,0.17561783863501462,0.2641174740654263,0.26096348794900265,0.38582128284276695,0.4746423579717868,0.5791145188556823,0.27662374222658337,0.26456872123320796,0.21540370080438367,0.20962853015705485,0.20530748725948483,0.2948363985183451,0.29466716266398146,0.35734414703449013,0.36079353531089176,0.47867411482059474,0.5281901810923338,0.4109708713503722,0.27974569625329504,0.2390749565624001,0.2365314514164211,0.294486944891488,0.2447682446193332,0.27782037746588717,0.30483195344180436,0.28990748453156956,0.3194817253169699,0.26659577782526656,0.6258015003691951,0.28950351935132335,0.39159548170200803,0.37209569291591765,0.3977852824362713,0.3631391969646435,0.6596987134299612,0.18374107951781057,0.18713092517975205,0.18541447167078287,0.0056072000586697,0.27280431638705616,0.27647492848946364,0.31052138762113274,0.25577544391627305,0.375505872278949,0.5281901810923338,0.3222442338541199,0.3977852824362713,0.7347008547689282,0.41386734925278734,0.2101133510310872
PopulationTotalMale,-0.44051605835410335,0.7403703465172703,0.6180684230965108,0.6409441983621383,0.36480513620559235,1.0,0.9967975322083735,0.9991536194877289,0.9883102429235106,0.8764242354470866,0.9093847409393044,0.8433096545791409,0.9431668447367775,0.7111713282288388,0.8169967430007273,0.30230026961817286,0.7281873974089702,0.9052949017175957,0.9758987486106114,0.9089211962026301,0.8959035114141574,0.7912355101448504,0.8581654461719956,0.5559078825954065,0.7495698822235914,0.850394120457064,0.9412876856689079,0.95734399027195,0.9788224343388724,0.9665550032646291,0.8204320397344803,0.9832307074776352,0.8433096545791409,0.9092399677089165,0.7876777262765774,0.639680308327866,0.8566124018475578,0.9701160062278413,0.967349421435182,0.9558587638670994,0.9603941496831704,0.9220270443249116,0.8162101064196606,0.7179082839499885,0.5075935003085558,0.8167946863528739,0.9903958083838932,0.9924438788825345,0.8921584650214698,0.827962308037139,0.7449673040521584,0.7420980483980814,0.9482558198050843,0.9496176737193318,0.9490456755818509,0.5046657792988257,0.7764138866091849,0.9653897261422691,0.8217637259481666,0.8135239045601075,0.9580193991361738,0.9092399677089165,0.9974339418908029,0.827962308037139,0.7077386576782915,0.87465662747136,0.9397315845645005
PopulationTotalFemale,-0.45625370501412765,0.7215846979266324,0.5878646258569092,0.6168524057437356,0.3267155911704691,0.9967975322083735,1.0,0.999243251782425,0.9843631025484739,0.8494302384268091,0.8920494745306625,0.8406002175462438,0.9566580034635218,0.749871918542594,0.8156104902674517,0.2750671620273764,0.7492419610841506,0.9168587154328572,0.9769642906600976,0.9047330149681805,0.8846752214850631,0.7758218202230853,0.8403137841326817,0.5653868056059519,0.755048627941187,0.8597195729987608,0.945436281852448,0.9633399746106739,0.9743735578657551,0.9640893860778886,0.8284584106254815,0.9804662905974363,0.8406002175462438,0.8829730205126741,0.7820443632765027,0.6489049392921094,0.861143422861291,0.9729746758384208,0.9612181280463554,0.9512644565494447,0.957154077611723,0.924797483630382,0.8275606070873731,0.7313098713240221,0.5301138061776752,0.79537971881803,0.9925878289614445,0.9895332959023054,0.8991264038712852,0.8337100963323513,0.7526931514412316,0.7113182647475984,0.9481584654249413,0.9498862933306428,0.9491263032917547,0.5277673405077121,0.7828699674993671,0.9598225316260136,0.8319150063878731,0.8213027969573936,0.9604726082240547,0.8829730205126741,0.9980975533185128,0.8337100963323513,0.6824759023419636,0.8621675173604888,0.9503748398239948
PopulationTotal,-0.44896425309388377,0.7313001090255079,0.6030267921390275,0.6290648727699101,0.3455042663937767,0.9991536194877289,0.999243251782425,1.0,0.9870714438240183,0.8632406394220701,0.9011959448227325,0.842591385038647,0.9508620570968633,0.7316483220585355,0.8169380371103874,0.28853383061276566,0.7396009971872883,0.9119683643509426,0.9772285059212887,0.9074948201362434,0.8908453139960297,0.7839405309785294,0.8496699946657004,0.5612290461912367,0.7529884896753679,0.85587220900621,0.9441756279766166,0.9611950796407507,0.9773179455550574,0.9660608669817975,0.8252178893390347,0.9825962266465383,0.842591385038647,0.8964566461095456,0.7854108461213195,0.6449377631307118,0.8596292406309834,0.9723635072066801,0.9649703169232952,0.9542610734245216,0.9594967033408333,0.9241906431475285,0.8227024892967817,0.7253769999739476,0.5195843850144092,0.8064331532840426,0.9923166317623994,0.991741590288345,0.8964573121889008,0.8315820981465311,0.7495381223169292,0.7268594748480504,0.9489652486606429,0.9505164484470524,0.9498472901231453,0.5169533137240652,0.7803567308832359,0.9632992214956342,0.8276436844429041,0.8181769194467512,0.9600486445567925,0.8964566461095456,0.9985741968648909,0.8315820981465311,0.6953104941936543,0.8689328530612712,0.9459590989110875
PrincipalStatusAtWork,-0.4098672939810824,0.7605544750268078,0.6150870256855898,0.6274122717245538,0.3833143247058362,0.9883102429235106,0.9843631025484739,0.9870714438240183,1.0,0.8488671334831938,0.863994144149992,0.845051469929592,0.907724867965743,0.681854114838548,0.7594557301012533,0.2835209299653352,0.7779152092238074,0.924065274948873,0.9549710348564893,0.8634498865186242,0.8472408815204431,0.7375634633151105,0.8308425460203673,0.48430785421656153,0.6830558183908986,0.7926497221875115,0.9059327870478274,0.9334709690168883,0.9668278962662411,0.9741162320654398,0.8708039782070929,0.9696577602087699,0.845051469929592,0.9088963498835003,0.7226549262849474,0.5672960921239971,0.7950530317213695,0.9453570718681665,0.9377982341161641,0.934653132163051,0.9673199131168736,0.9476237643311579,0.8685522785972799,0.7821223099149118,0.5705102639887872,0.8215720329073348,0.9861608362170904,0.9705789799731606,0.8439426190745389,0.7756997010406846,0.703080226756029,0.7617789604109197,0.922939182678002,0.9246693738267426,0.9239047789003476,0.5074862491297191,0.7077436017280876,0.9389106573557928,0.8727707048234106,0.7525193566372904,0.9768124594974271,0.9088963498835003,0.9878416529481392,0.7756997010406846,0.7097773747404259,0.8241771167775657,0.9528020843347098
PrincipalStatusLookingForFirstJob,-0.4335428895617034,0.7813015546799191,0.7334144128036919,0.7444429470613971,0.5267234036453131,0.8764242354470866,0.8494302384268091,0.8632406394220701,0.8488671334831938,1.0,0.9619735365850249,0.7415919489095745,0.7401734755796306,0.44347629228235547,0.8331367579446562,0.32942307294555484,0.4489292647500146,0.641011704322525,0.8260569917029926,0.8460648689715887,0.9052143328994482,0.8992585538833373,0.9181389964013521,0.6091909121246187,0.7334108447438785,0.7480934725076194,0.791104066770528,0.7614188742592047,0.8291604961507799,0.7973884522256547,0.6163497275045883,0.8509118930368825,0.7415919489095745,0.9594131369662876,0.8469108520600576,0.660589213736197,0.7774478395603781,0.7917109179427098,0.8618615874467385,0.8140564670192886,0.7828023984760393,0.713274730915368,0.580762211552859,0.4967240991251524,0.28194891573764186,0.8579584107300836,0.8221638052724557,0.8930738819563281,0.827551634580747,0.8146798938884178,0.7280623903974006,0.8133505035436123,0.8068373890820691,0.8098289087815893,0.8084008340359213,0.2389342977755216,0.7482111413551897,0.8459605688857367,0.5940133574838226,0.7577981762259838,0.7799941068236902,0.9594131369662876,0.8489299130635399,0.8146798938884178,0.7964100110454829,0.9114707997734424,0.6954698079820791
PrincipalStatusUnemployed,-0.4377702231002095,0.7249886130558407,0.6961598593207288,0.7535523278546933,0.4564314620556008,0.9093847409393044,0.8920494745306625,0.9011959448227325,0.863994144149992,0.9619735365850249,1.0,0.7247895577645691,0.8215910407846854,0.5453278347898479,0.9145129092716922,0.3460511207841079,0.4348154415933198,0.6609000241591856,0.8869170830010982,0.9296822467814246,0.97506118679594,0.9508537461255124,0.9178518105668992,0.7222792396058654,0.8496471539510344,0.863687771938714,0.8724961037185729,0.8258520079888102,0.8640609969243402,0.8094903076416475,0.5897198484966305,0.8938413041593224,0.7247895577645691,0.9232811784869521,0.9163396591996174,0.7797209179727228,0.8917424280684153,0.8533798070037217,0.9235407321143365,0.8727159316776341,0.793441808706766,0.7065627111122009,0.5616220259502517,0.45938778152475,0.24602630878936893,0.833133522284692,0.8556802567720485,0.9367098723196264,0.9081722593520563,0.8895766708755285,0.7995930625689818,0.7583313230662155,0.8612391256272052,0.8628076258438359,0.8621177855121039,0.2866801511563011,0.8662885796917341,0.9066530355624393,0.5707884634199,0.8699960891426721,0.7888203676610022,0.9232811784869521,0.8857229246946207,0.8895766708755285,0.7663363039401689,0.9768578075052795,0.7228446059549365
PrincipalStatusStudent,-0.496771721810837,0.7532718393812889,0.68483885251251,0.5510833796359308,0.47867411482059474,0.8433096545791409,0.8406002175462438,0.842591385038647,0.845051469929592,0.7415919489095745,0.7247895577645691,1.0,0.7230291236482724,0.693937617759109,0.6607834231400794,0.4265661955654451,0.761311681468819,0.7633438158673769,0.7334912296948028,0.6131567309428853,0.6696258615573888,0.6225565846435649,0.8821835383937391,0.36869043379445143,0.4913436046329819,0.5748019727256068,0.6689975502476262,0.7318946108716904,0.7702725656577357,0.8261716855497414,0.8567328281078805,0.8493006488241243,1.0,0.7973597378319246,0.6317920748002613,0.45472306274054614,0.5924398556794352,0.7586518703320921,0.7235590802480111,0.7018579597665655,0.800613206438798,0.8500735788968132,0.8288536481418173,0.8055478182176693,0.7232892550285965,0.8036908210546205,0.8200693825536544,0.8448711316568558,0.775646100333137,0.7264007153475921,0.689179537111843,0.7749362418534712,0.6717526948155453,0.6757545300056853,0.6737893532647082,0.49603247933900185,0.5465227985485095,0.7171549443884425,0.8414267355625656,0.5541407299088894,0.9004490654810211,0.7973597378319246,0.8328824736007084,0.7264007153475921,0.7012193738798723,0.6624022280767918,0.7923238889852614
PrincipalStatusLookingAfterHome/Family,-0.43599757225872887,0.5872525200266955,0.44466885285099067,0.5348724950933378,0.17821882906981193,0.9431668447367775,0.9566580034635218,0.9508620570968633,0.907724867965743,0.7401734755796306,0.8215910407846854,0.7230291236482724,1.0,0.7968433971709818,0.7769044727942014,0.18331814721873435,0.6966621780708548,0.9068943739821147,0.9639967376582149,0.9016348345586559,0.8382713499180525,0.7053377664120497,0.7054827355000056,0.5827660067544366,0.7793524797772793,0.8959640273705511,0.9597707286743727,0.977129615216138,0.9463574823860517,0.9037936365404172,0.7256985589672807,0.9303883756760946,0.7230291236482724,0.7492919608228288,0.7429700535013567,0.6640393261316054,0.887162339367815,0.9748191643296248,0.936849910525324,0.9344618423216668,0.9119670992695994,0.8613620181803058,0.7427664665496584,0.627308292407638,0.4311060256389275,0.659938968227656,0.9540516095354573,0.9348254338322549,0.8648947662163663,0.7857599509377251,0.685726905851892,0.5455127376881561,0.9475176586398527,0.9480019744170238,0.947880615545862,0.5581454361276008,0.8017292273960224,0.9382452525874193,0.7436724030352402,0.8451943471402923,0.8806729654669697,0.7492919608228288,0.9544225711576539,0.7857599509377251,0.5567380173806964,0.808668699523454,0.9307510849619572
PrincipalStatusRetired,-0.4219838981576895,0.5191923620634228,0.29800196649171456,0.3491492128697897,0.12676812472492863,0.7111713282288388,0.749871918542594,0.7316483220585355,0.681854114838548,0.44347629228235547,0.5453278347898479,0.693937617759109,0.7968433971709818,1.0,0.6759968781185537,0.22796110349486892,0.6639208855526185,0.7313490649872953,0.7008719389307696,0.607183070009492,0.5793728206570462,0.5216609725013752,0.5573098508137853,0.5983386029605915,0.6645252876175683,0.7364482412943354,0.7210040519357974,0.7597668868797369,0.6571369212280173,0.6496520853712009,0.6739311160613808,0.7324292678529981,0.693937617759109,0.43934157386852507,0.5992177036776203,0.664292881526233,0.7081272464185918,0.7431481284996491,0.6425937819936365,0.6250683898544258,0.642952821298611,0.6816539299758009,0.6924084183059661,0.6472509514072783,0.5575184276403675,0.5259052978127717,0.7093469203381021,0.7303887824277028,0.8187461960355186,0.7729958079971485,0.7304534202535989,0.3992869771137094,0.595385663399437,0.5974395701229954,0.5964646585334291,0.6116992107353305,0.7038114456094926,0.6375646623950947,0.6858897245384821,0.718773226854885,0.7401452412507872,0.43934157386852507,0.7203057091664281,0.7729958079971485,0.4183966891583572,0.5684039595179926,0.7459215506387739
PrincipalStatusUnableToWork,-0.42393204636931375,0.6758849849534536,0.6241558811881697,0.7320937306369055,0.4091681166344935,0.8169967430007273,0.8156104902674517,0.8169380371103874,0.7594557301012533,0.8331367579446562,0.9145129092716922,0.6607834231400794,0.7769044727942014,0.6759968781185537,1.0,0.25333078091833044,0.33214731774285505,0.5572640021706415,0.8124744013609237,0.8860573906863707,0.9453632890613362,0.9533548252659653,0.843367546473582,0.8961197783429855,0.9439533323467343,0.9189114017755907,0.8410618955938025,0.7688628718837155,0.7504710956474356,0.6775046482755364,0.49056171728836717,0.8109504716821607,0.6607834231400794,0.7440302619161527,0.9695135523700205,0.9308824878851238,0.9239408283895473,0.7848894416139071,0.8408223143578091,0.7818827254591407,0.6566173573550945,0.5769484430800446,0.4657977482545284,0.3735715835895436,0.1905470428227457,0.7531384912197756,0.7499616073145532,0.8700359095220491,0.9587566135057702,0.9614181914998878,0.9098983182901903,0.649808091277445,0.7335180316310176,0.7351956100775998,0.7344325692081419,0.31706247678162347,0.9567059644082399,0.8206744063231843,0.46826444274722856,0.9497907428412095,0.6898136962000199,0.7440302619161527,0.7911230571974698,0.9614181914998878,0.7173312408985129,0.9558451561979537,0.6233934706259214
PrincipalStatusOther,-0.1744975690927099,0.4085314722869457,0.4473415793166067,0.300410698035257,0.26529086245803524,0.30230026961817286,0.2750671620273764,0.28853383061276566,0.2835209299653352,0.32942307294555484,0.3460511207841079,0.4265661955654451,0.18331814721873435,0.22796110349486892,0.25333078091833044,1.0,0.19891606127850797,0.18320092244904657,0.1999683902455654,0.1889220167420076,0.2744941360342668,0.3130790827436022,0.47195516696959866,0.13550036412566996,0.1622312495282312,0.14472302957331157,0.17661057849256134,0.19905316126697567,0.2373089991892063,0.2662465703829743,0.2764612481629175,0.3606410372700356,0.4265661955654451,0.38566254134032546,0.30669657176289516,0.1909268784627196,0.20199246194782736,0.22877033401679542,0.2533762248931514,0.2094404677590673,0.24185887544972762,0.25627933246858525,0.24346628757359157,0.2626737619505262,0.2787922346578852,0.4802125825387015,0.24778975539751685,0.31454181120732766,0.32574385781340637,0.30335712904909,0.27068423305654715,0.5225362347622544,0.1712531800072866,0.16196960844640923,0.166761047388957,0.132829094017883,0.20723686782246728,0.2374424434522686,0.25871622214807216,0.16274704655524677,0.33338872815293147,0.38566254134032546,0.2695761746193079,0.30335712904909,0.40437693497250854,0.28761182130568597,0.20087553796053
SocialClassProfessionalWorkers,-0.459582330493475,0.5192145784340072,0.279828953898579,0.19991999247169848,0.1623270461891011,0.7281873974089702,0.7492419610841506,0.7396009971872883,0.7779152092238074,0.4489292647500146,0.4348154415933198,0.761311681468819,0.6966621780708548,0.6639208855526185,0.33214731774285505,0.19891606127850797,1.0,0.8940190176948889,0.6457246345047962,0.4212628713796313,0.3733697438692356,0.2450824321699372,0.501845648791707,0.05848177525230118,0.23017739527101852,0.38404797042566613,0.5616664311735668,0.6850203648293768,0.7027093610277296,0.8128734426951584,0.9608360642914325,0.6897878994845994,0.761311681468819,0.5803089821704289,0.2835112850550763,0.1307116742164174,0.36185970408612445,0.6783553734836505,0.5734941809378342,0.5936563392002585,0.7971344855701734,0.9068538324593136,0.9702755531433604,0.9679939521737257,0.9045354636538492,0.4909817129604159,0.7863834794280813,0.6681996135934823,0.5121674307154452,0.4243790340791207,0.4118060580578599,0.47656418429759856,0.6479708805916454,0.6508119409366615,0.6494397866179609,0.532830109463312,0.2597814697921553,0.5824960363088647,0.9718855995750865,0.3237285395199898,0.8723139909951113,0.5803089821704289,0.7557509184718287,0.4243790340791207,0.3592975303910789,0.34099488684451257,0.8810379124274405
SocialClassManagerialAndTechnical,-0.3845358795028332,0.5865193440144698,0.375939677003275,0.3721904539140631,0.17561783863501462,0.9052949017175957,0.9168587154328572,0.9119683643509426,0.924065274948873,0.641011704322525,0.6609000241591856,0.7633438158673769,0.9068943739821147,0.7313490649872953,0.5572640021706415,0.18320092244904657,0.8940190176948889,1.0,0.8863997022401986,0.7200106175772517,0.6456932389699459,0.4813656485353398,0.6093445129170092,0.27757912515923755,0.5056772181329675,0.6752965295779979,0.8404996422895573,0.9192652343631141,0.9212768810870526,0.953875789775329,0.8976599454838485,0.8779571453532149,0.7633438158673769,0.7309734042622476,0.5051968728388974,0.3683070466734027,0.6556670365574191,0.9133505638173638,0.8358098061351692,0.8614687611635334,0.9603796130128671,0.9753942386701251,0.9196821680627476,0.8389600928990227,0.6577836121665024,0.6085214480749385,0.9477025595033745,0.8591749737050434,0.6997114779945742,0.6037091094226605,0.5343404262122623,0.5447925413820613,0.882216432950738,0.8827392249626793,0.8825893226410257,0.6107539974046535,0.5326326843453081,0.847525428143794,0.921072475028969,0.6027320527461473,0.9434234705658628,0.7309734042622476,0.9270812102503686,0.6037091094226605,0.47686038105423845,0.6056864174307377,0.9944246826671572
SocialClassNonManual,-0.3748305749126804,0.6454144775989628,0.5222641344535112,0.609834864310285,0.2641174740654263,0.9758987486106114,0.9769642906600976,0.9772285059212887,0.9549710348564893,0.8260569917029926,0.8869170830010982,0.7334912296948028,0.9639967376582149,0.7008719389307696,0.8124744013609237,0.1999683902455654,0.6457246345047962,0.8863997022401986,1.0,0.9553094704958492,0.9081010034922301,0.7776741676807694,0.7702566625086856,0.5903507116839345,0.7998489375157496,0.9107974253168966,0.9839182558227085,0.9828301250352602,0.9797738481266349,0.9343268428468179,0.7206104333051364,0.9610347184320124,0.7334912296948028,0.8449393882415791,0.7782253612803776,0.6733303235839236,0.910448427725095,0.9872869924413133,0.9846264314018233,0.9850783312097858,0.9405420884776392,0.8669405474893386,0.7306916905246926,0.6059551045398466,0.36993274929628905,0.7359381312019458,0.9737412905138659,0.970286889112053,0.8755571584306325,0.8033870353903282,0.70019240199489,0.6365765661477053,0.9737477496496781,0.9741209283870459,0.9740601808707172,0.5097133243391908,0.8195891512628124,0.9872088877065168,0.732365471865027,0.8622271751657234,0.895338712840706,0.8449393882415791,0.9790079785587008,0.8033870353903282,0.6301546004568744,0.8798049849308263,0.9213042655057327
SocialClassSkilledManual,-0.3235355117369972,0.6057734411047533,0.5409010867455859,0.6790226967145447,0.26096348794900265,0.9089211962026301,0.9047330149681805,0.9074948201362434,0.8634498865186242,0.8460648689715887,0.9296822467814246,0.6131567309428853,0.9016348345586559,0.607183070009492,0.8860573906863707,0.1889220167420076,0.4212628713796313,0.7200106175772517,0.9553094704958492,1.0,0.969539652101046,0.8789536325307706,0.7719060837857215,0.7361213825538884,0.9046420418098889,0.9604999202146124,0.9660594374471035,0.9107812266727062,0.9047660398280797,0.8151185581586794,0.5272698364159255,0.9003160524505992,0.6131567309428853,0.812941020030224,0.8680499754246476,0.7997879936348641,0.9696567532289208,0.9209427850251402,0.9668692769797221,0.9501962580929347,0.8201677123893966,0.7002408196033912,0.5298883944246122,0.39092097831626943,0.147415243888434,0.7241996437683564,0.8810675399468549,0.9278146347508415,0.8881506806421351,0.8415106444045702,0.7363101866851236,0.6117383754614206,0.9268407277374767,0.9269376989324887,0.9270125153997033,0.3688219395930556,0.9137308660969345,0.9629557481056833,0.531024515536254,0.937093215389327,0.7613935945036032,0.812941020030224,0.9009104767360999,0.8415106444045702,0.6453810567230414,0.9528482339101553,0.7739337639050631
SocialClassSemiSkilled,-0.375209172183788,0.6689570494471799,0.6428868102538283,0.7517687819421944,0.38582128284276695,0.8959035114141574,0.8846752214850631,0.8908453139960297,0.8472408815204431,0.9052143328994482,0.97506118679594,0.6696258615573888,0.8382713499180525,0.5793728206570462,0.9453632890613362,0.2744941360342668,0.3733697438692356,0.6456932389699459,0.9081010034922301,0.969539652101046,1.0,0.956772432874692,0.8649494953014358,0.7825150913723107,0.9101665883351291,0.9291230179561022,0.9158411927702138,0.8528320179377075,0.8658446187047655,0.7871506088171075,0.5241574010361991,0.8888158197870862,0.6696258615573888,0.857518858351817,0.9351797089825669,0.8412325413497332,0.9491347255946625,0.8733876292961178,0.9441791981392983,0.9026003146349036,0.7760872585183775,0.6667140253201292,0.5042230727885386,0.385661106770891,0.16118216238503788,0.7871524892886764,0.8432803863462884,0.9314208244984727,0.9251471260394555,0.9001960899953664,0.808836401082351,0.6907016742437794,0.86565040950322,0.8668874621663002,0.8663684596420246,0.3339333499395898,0.9256975156160305,0.930825823494239,0.5105859682321517,0.9305445970525631,0.7523014067494947,0.857518858351817,0.8753924278080482,0.9001960899953664,0.7275045165602687,0.9967308310288594,0.7095286394283257
SocialClassUnskilled,-0.3933608267554263,0.6903643736641027,0.6686506914113179,0.7771970009679275,0.4746423579717868,0.7912355101448504,0.7758218202230853,0.7839405309785294,0.7375634633151105,0.8992585538833373,0.9508537461255124,0.6225565846435649,0.7053377664120497,0.5216609725013752,0.9533548252659653,0.3130790827436022,0.2450824321699372,0.4813656485353398,0.7776741676807694,0.8789536325307706,0.956772432874692,1.0,0.8704490879410415,0.8563712702972012,0.9044207683803391,0.8568058258471701,0.7901349070463574,0.705838584839082,0.7276064057821879,0.6463814277412567,0.433144392608902,0.78726181386506,0.6225565846435649,0.8109153649031765,0.9534414253599022,0.890740088330814,0.8828505795079032,0.7340670955919056,0.826890262639346,0.7571582320042176,0.6240509496833037,0.5280250524320265,0.3968676021218713,0.3060178106426102,0.10639972912073074,0.7925421345430906,0.7116682852952428,0.8465362127783952,0.9064054791686775,0.919523890831747,0.8441473506618925,0.7077895011637003,0.7130049384479547,0.7158071376686025,0.7144636885711279,0.22851464250766204,0.9159080747956547,0.802641748693615,0.40364618386201295,0.8984622174646998,0.6475199908836072,0.8109153649031765,0.7570539482150783,0.919523890831747,0.7528850870701013,0.9771424795486586,0.5545392259790214
SocialClassOther,-0.4708711972718001,0.8252941357577175,0.8380226633815073,0.7611532736348189,0.5791145188556823,0.8581654461719956,0.8403137841326817,0.8496699946657004,0.8308425460203673,0.9181389964013521,0.9178518105668992,0.8821835383937391,0.7054827355000056,0.5573098508137853,0.843367546473582,0.47195516696959866,0.501845648791707,0.6093445129170092,0.7702566625086856,0.7719060837857215,0.8649494953014358,0.8704490879410415,1.0,0.6079992089653679,0.6992346961827944,0.7075754314300814,0.7294992325420614,0.7114236802501054,0.7711889306718085,0.7671776433347443,0.670345595657018,0.8652813227231,0.8821835383937391,0.914961160024177,0.8473164699300039,0.6730903789165401,0.7457876249350773,0.7499534589529698,0.806043866384508,0.7508830582459409,0.7354337549836013,0.7090464788986518,0.6260618505483178,0.5741416210632846,0.4399643948677236,0.9201587697049058,0.7931534072881582,0.888812422679109,0.867953089365749,0.8607421050948327,0.8100866172985023,0.8795349735753529,0.718447677280895,0.7219128869407029,0.7202296211289153,0.31088310751231635,0.7378994897108697,0.7872345598615752,0.6396854565660538,0.722827845712847,0.8119073058527361,0.914961160024177,0.8272135771601622,0.8607421050948327,0.8518381420442295,0.874036344869534,0.6707963472545213
AgeEducationCeasedUnder15,-0.3086663874470294,0.5217151326844974,0.4392962608023626,0.6593976559760907,0.27662374222658337,0.5559078825954065,0.5653868056059519,0.5612290461912367,0.48430785421656153,0.6091909121246187,0.7222792396058654,0.36869043379445143,0.5827660067544366,0.5983386029605915,0.8961197783429855,0.13550036412566996,0.05848177525230118,0.27757912515923755,0.5903507116839345,0.7361213825538884,0.7825150913723107,0.8563712702972012,0.6079992089653679,1.0,0.9475966868090954,0.8405857946330875,0.6550849749896321,0.5368614790974404,0.46988434380861344,0.3544228925599102,0.1986078749517632,0.5547781282365962,0.36869043379445143,0.46462882586586435,0.8591311782588047,0.9879566609274779,0.8347930784676939,0.5390367012748732,0.5997733986945288,0.5290577677252961,0.3385168143566634,0.25552403535581353,0.18527470182731964,0.10789741720215833,-0.042667229068295974,0.5591887359441312,0.4792486875642285,0.6286979806188959,0.8236349488343749,0.8585224076915827,0.8154366562717915,0.44116468792508895,0.48591134672799635,0.4882011661305434,0.48709036027683017,0.12431632160299359,0.9332751260277757,0.5745978729952976,0.17749663607220617,0.91045645306603,0.39665912028171074,0.46462882586586435,0.527536220363239,0.8585224076915827,0.5743326911396804,0.8098707889160441,0.34891589981566323
AgeEducationCeasedAge15,-0.3215704284717723,0.5842669882099267,0.4911089529942399,0.706895865056844,0.26456872123320796,0.7495698822235914,0.755048627941187,0.7529884896753679,0.6830558183908986,0.7334108447438785,0.8496471539510344,0.4913436046329819,0.7793524797772793,0.6645252876175683,0.9439533323467343,0.1622312495282312,0.23017739527101852,0.5056772181329675,0.7998489375157496,0.9046420418098889,0.9101665883351291,0.9044207683803391,0.6992346961827944,0.9475966868090954,1.0,0.9633282672582422,0.8478507718299743,0.7530479741386552,0.6968356763193853,0.580162392029433,0.3544028174514944,0.7472812026814293,0.4913436046329819,0.6291473696277766,0.9054010093413366,0.969872512343187,0.9623778585219244,0.7552731711970234,0.8048319475322757,0.7563766726345664,0.5768021097438153,0.4713149927271247,0.3525932000037002,0.23908186310588073,0.03596787089628193,0.6549673094966841,0.6929200231956345,0.8012483990396927,0.9051722091012667,0.9002146329839747,0.8241628547214797,0.5283503598533175,0.7196434193051965,0.7205914850327892,0.7202012853304941,0.2590060771174135,0.9921739565076022,0.7885462438823716,0.3467487850468378,0.9906064151662191,0.5842482989999059,0.6291473696277766,0.7301607531421168,0.9002146329839747,0.6316174519601401,0.9165246606403633,0.5718651115836881
AgeEducationCeasedAge16,-0.3398786378172541,0.5701175822215333,0.4678540535389442,0.6503964329747758,0.21540370080438367,0.850394120457064,0.8597195729987608,0.85587220900621,0.7926497221875115,0.7480934725076194,0.863687771938714,0.5748019727256068,0.8959640273705511,0.7364482412943354,0.9189114017755907,0.14472302957331157,0.38404797042566613,0.6752965295779979,0.9107974253168966,0.9604999202146124,0.9291230179561022,0.8568058258471701,0.7075754314300814,0.8405857946330875,0.9633282672582422,1.0,0.9483294752957179,0.8879634552499145,0.8311955855177147,0.7274392195187858,0.4759578992349931,0.8497050466664648,0.5748019727256068,0.6827278338863091,0.8769771577727193,0.8928201305727678,0.9937865681550455,0.8858919656355211,0.9043469782027517,0.8812402908860757,0.7326604397787235,0.6258579440041928,0.4863785041678503,0.3554319412003424,0.13575763296927976,0.6615115350893965,0.8187491947149382,0.883174399579124,0.9231286949980506,0.8853624008381369,0.7870396121997842,0.5241246292613299,0.84673602239749,0.8465809923598294,0.8467744756638681,0.4017823251922475,0.9705766283182693,0.8978561429913238,0.4818164774529858,0.9874347562422832,0.7050551385955218,0.6827278338863091,0.8435326690847601,0.8853624008381369,0.5986888436202124,0.917153414910705,0.7284505790301146
AgeEducationCeasedAge17,-0.33983610673564313,0.5986844894436892,0.4767132543431998,0.5854835098686331,0.20962853015705485,0.9412876856689079,0.945436281852448,0.9441756279766166,0.9059327870478274,0.791104066770528,0.8724961037185729,0.6689975502476262,0.9597707286743727,0.7210040519357974,0.8410618955938025,0.17661057849256134,0.5616664311735668,0.8404996422895573,0.9839182558227085,0.9660594374471035,0.9158411927702138,0.7901349070463574,0.7294992325420614,0.6550849749896321,0.8478507718299743,0.9483294752957179,1.0,0.9767465089452192,0.9506881272564686,0.8841911190828806,0.6350062688184166,0.9301390495977141,0.6689975502476262,0.783001103235239,0.8038528610623313,0.7326855883859343,0.9426316373644255,0.9779512062588033,0.9756779048773295,0.973536719899956,0.892188366001927,0.8000594203814292,0.650131873116893,0.5138694970943434,0.27387493803358953,0.6913139887837901,0.93361003072915,0.9458506573254496,0.8876059554705864,0.8237132608112158,0.7210833339080023,0.5768187126702132,0.9526753279773746,0.9520561393873088,0.9525022777980646,0.5174142214962649,0.8653256175886826,0.9772613925456631,0.6493848697919191,0.9067315556814103,0.8342230400814898,0.783001103235239,0.9433615312909547,0.8237132608112158,0.5892282878890477,0.8889241739383582,0.8751994562545513
AgeEducationCeasedAge18,-0.3793039351326639,0.5928288413331368,0.4475689587455399,0.5254096881694533,0.20530748725948483,0.95734399027195,0.9633399746106739,0.9611950796407507,0.9334709690168883,0.7614188742592047,0.8258520079888102,0.7318946108716904,0.977129615216138,0.7597668868797369,0.7688628718837155,0.19905316126697567,0.6850203648293768,0.9192652343631141,0.9828301250352602,0.9107812266727062,0.8528320179377075,0.705838584839082,0.7114236802501054,0.5368614790974404,0.7530479741386552,0.8879634552499145,0.9767465089452192,1.0,0.9764167172233041,0.9370348604780191,0.7339294803471984,0.9441924588441474,0.7318946108716904,0.7806707475508012,0.7270999441952771,0.6281767961502517,0.8803744149255226,0.9957391699845781,0.9628396412129685,0.9701810535872809,0.9463908263553558,0.8838350257220903,0.7496970813895488,0.6260646447274905,0.40358147661433325,0.6728491177063112,0.9648769854596108,0.9476998372425115,0.8558821305494604,0.772452233576791,0.6660757984227472,0.5686723262300701,0.9563746640300971,0.9562024380528464,0.956419496092291,0.5723148163348484,0.7805759864149668,0.9679646164833292,0.7516155196535947,0.8281117243858306,0.8937963310931395,0.7806707475508012,0.9659375693826918,0.772452233576791,0.5564037854908277,0.8194508309402692,0.9411850795746481
AgeEducationCeasedAge19,-0.3812106209357027,0.6379880193366662,0.5279097979808666,0.5624724407864051,0.2948363985183451,0.9788224343388724,0.9743735578657551,0.9773179455550574,0.9668278962662411,0.8291604961507799,0.8640609969243402,0.7702725656577357,0.9463574823860517,0.6571369212280173,0.7504710956474356,0.2373089991892063,0.7027093610277296,0.9212768810870526,0.9797738481266349,0.9047660398280797,0.8658446187047655,0.7276064057821879,0.7711889306718085,0.46988434380861344,0.6968356763193853,0.8311955855177147,0.9506881272564686,0.9764167172233041,1.0,0.9749555247151018,0.775143029690706,0.9587972657289201,0.7702725656577357,0.8689145358818507,0.7254878600545176,0.5633896021053026,0.8338556929795624,0.9843328087524206,0.9754038506510582,0.9805419679379137,0.9786537669841431,0.9188752073989339,0.7791168905172947,0.6617586627339611,0.4338722259447771,0.7295911765425664,0.9833080629808402,0.9618935899302101,0.8279060481260384,0.7502923709634973,0.6511808249011499,0.6490895944769193,0.9723826811240869,0.9726161698905432,0.9726269891544886,0.533694875972363,0.7259319886523404,0.9797294287371449,0.7854180877877887,0.7733821555459185,0.9240012521690598,0.8689145358818507,0.983207077025795,0.7502923709634973,0.6120572938671991,0.8350093288908955,0.9447051605636884
AgeEducationCeasedAge20,-0.4057278155940648,0.6508547812248071,0.5240556328310835,0.49369808279614585,0.29466716266398146,0.9665550032646291,0.9640893860778886,0.9660608669817975,0.9741162320654398,0.7973884522256547,0.8094903076416475,0.8261716855497414,0.9037936365404172,0.6496520853712009,0.6775046482755364,0.2662465703829743,0.8128734426951584,0.953875789775329,0.9343268428468179,0.8151185581586794,0.7871506088171075,0.6463814277412567,0.7671776433347443,0.3544228925599102,0.580162392029433,0.7274392195187858,0.8841911190828806,0.9370348604780191,0.9749555247151018,1.0,0.8739710352089631,0.9376874467023782,0.8261716855497414,0.8730637428065106,0.6474996186669834,0.44969413260716856,0.7276971317910527,0.9465634613411487,0.9230646460018983,0.9308805420339397,0.9922583803634153,0.9739571174625176,0.8728453897316617,0.781761693561773,0.5832541652259746,0.7188964067718712,0.9816318440622969,0.9379300880675292,0.7788826738325203,0.6982756137060437,0.6230672651136514,0.6626956835498906,0.9347347874098914,0.936323714206852,0.9356332643340969,0.55500052899019,0.6142413674429007,0.9282709588425542,0.8810221578586243,0.6677530230553066,0.9642816458266898,0.8730637428065106,0.9747821159702426,0.6982756137060437,0.5911973106257689,0.7549244902695096,0.9690924642635764
AgeEducationCeasedAge21+,-0.46194041192617225,0.6862778828564398,0.46970979109899497,0.38695004717335385,0.35734414703449013,0.8204320397344803,0.8284584106254815,0.8252178893390347,0.8708039782070929,0.6163497275045883,0.5897198484966305,0.8567328281078805,0.7256985589672807,0.6739311160613808,0.49056171728836717,0.2764612481629175,0.9608360642914325,0.8976599454838485,0.7206104333051364,0.5272698364159255,0.5241574010361991,0.433144392608902,0.670345595657018,0.1986078749517632,0.3544028174514944,0.4759578992349931,0.6350062688184166,0.7339294803471984,0.775143029690706,0.8739710352089631,1.0,0.7836535860050312,0.8567328281078805,0.7327886277891694,0.43481440468309906,0.26955034626420993,0.46271765436968443,0.7384406404549014,0.6710717968230969,0.6731148268974738,0.8505929514754823,0.9460426988306153,0.9915099869849431,0.9842225813823166,0.8773165766038442,0.6631015672829708,0.8469050580075189,0.7775521477141734,0.63949153423653,0.572941585265451,0.5596523892718481,0.6544926536318434,0.6926267823893507,0.696566970703358,0.6946362650207996,0.5034005024068717,0.383792699393421,0.6734856123967599,0.9962261002529278,0.43755401271865,0.9422623777525811,0.7327886277891694,0.8314272956693992,0.572941585265451,0.5498139040920361,0.5034550245902746,0.8992616513567913
AgeEducationCeasedNotStated,-0.4108688257439688,0.7421819725616455,0.6482353992218206,0.6509595224091067,0.36079353531089176,0.9832307074776352,0.9804662905974363,0.9825962266465383,0.9696577602087699,0.8509118930368825,0.8938413041593224,0.8493006488241243,0.9303883756760946,0.7324292678529981,0.8109504716821607,0.3606410372700356,0.6897878994845994,0.8779571453532149,0.9610347184320124,0.9003160524505992,0.8888158197870862,0.78726181386506,0.8652813227231,0.5547781282365962,0.7472812026814293,0.8497050466664648,0.9301390495977141,0.9441924588441474,0.9587972657289201,0.9376874467023782,0.7836535860050312,1.0,0.8493006488241243,0.8866730812122371,0.7904822870500414,0.6513746741410473,0.8652312314157627,0.9626441634385225,0.9586272001434786,0.9471731311495529,0.9377877342678576,0.8921496343034879,0.7846175382647578,0.6854492316898235,0.48398799421593675,0.846006193969549,0.9666851814674248,0.9836737318841149,0.8964932019010208,0.8285880566367235,0.738896708368025,0.7582763611598075,0.9177462751811564,0.917861709757342,0.9179258198399255,0.5494854066078789,0.78649858944831,0.9566599229078815,0.7896726972001782,0.8093835751888961,0.9461428952589069,0.8866730812122371,0.978086438512028,0.8285880566367235,0.7213763186077773,0.86837205341346,0.9128368079477205
EducationNotCeasedStillAtSchool,-0.496771721810837,0.7532718393812889,0.68483885251251,0.5510833796359308,0.47867411482059474,0.8433096545791409,0.8406002175462438,0.842591385038647,0.845051469929592,0.7415919489095745,0.7247895577645691,1.0,0.7230291236482724,0.693937617759109,0.6607834231400794,0.4265661955654451,0.761311681468819,0.7633438158673769,0.7334912296948028,0.6131567309428853,0.6696258615573888,0.6225565846435649,0.8821835383937391,0.36869043379445143,0.4913436046329819,0.5748019727256068,0.6689975502476262,0.7318946108716904,0.7702725656577357,0.8261716855497414,0.8567328281078805,0.8493006488241243,1.0,0.7973597378319246,0.6317920748002613,0.45472306274054614,0.5924398556794352,0.7586518703320921,0.7235590802480111,0.7018579597665655,0.800613206438798,0.8500735788968132,0.8288536481418173,0.8055478182176693,0.7232892550285965,0.8036908210546205,0.8200693825536544,0.8448711316568558,0.775646100333137,0.7264007153475921,0.689179537111843,0.7749362418534712,0.6717526948155453,0.6757545300056853,0.6737893532647082,0.49603247933900185,0.5465227985485095,0.7171549443884425,0.8414267355625656,0.5541407299088894,0.9004490654810211,0.7973597378319246,0.8328824736007084,0.7264007153475921,0.7012193738798723,0.6624022280767918,0.7923238889852614
EducationNotCeasedOther,-0.38908554088125313,0.8020949601584725,0.7600831557986101,0.7249115405684775,0.5281901810923338,0.9092399677089165,0.8829730205126741,0.8964566461095456,0.9088963498835003,0.9594131369662876,0.9232811784869521,0.7973597378319246,0.7492919608228288,0.43934157386852507,0.7440302619161527,0.38566254134032546,0.5803089821704289,0.7309734042622476,0.8449393882415791,0.812941020030224,0.857518858351817,0.8109153649031765,0.914961160024177,0.46462882586586435,0.6291473696277766,0.6827278338863091,0.783001103235239,0.7806707475508012,0.8689145358818507,0.8730637428065106,0.7327886277891694,0.8866730812122371,0.7973597378319246,1.0,0.7529901320150144,0.533043292238366,0.7129748655216713,0.8125599098480837,0.8696398513443658,0.8379400168940566,0.855440001394002,0.8135275297235467,0.7015626861651625,0.6266209753784043,0.41630420411395885,0.8852108222648171,0.873530688271131,0.9058814798462457,0.7787104814077314,0.747962729524991,0.6691212038377597,0.8579890121868515,0.835359667008995,0.8383531666285032,0.8369279100758105,0.3067547896199561,0.6506765364677086,0.8598261846917721,0.7153321064543858,0.6718193716322906,0.8605207694707655,1.0,0.888972495264148,0.747962729524991,0.8057219578559532,0.852066676901534,0.7753988675989426
HighestLevelEducationNoFormalEducation,-0.4357079873362218,0.6349107735650354,0.6281649761460053,0.7293434105941216,0.4109708713503722,0.7876777262765774,0.7820443632765027,0.7854108461213195,0.7226549262849474,0.8469108520600576,0.9163396591996174,0.6317920748002613,0.7429700535013567,0.5992177036776203,0.9695135523700205,0.30669657176289516,0.2835112850550763,0.5051968728388974,0.7782253612803776,0.8680499754246476,0.9351797089825669,0.9534414253599022,0.8473164699300039,0.8591311782588047,0.9054010093413366,0.8769771577727193,0.8038528610623313,0.7270999441952771,0.7254878600545176,0.6474996186669834,0.43481440468309906,0.7904822870500414,0.6317920748002613,0.7529901320150144,1.0,0.8983490671113624,0.8943609769517209,0.7497157794694531,0.8204272229873176,0.7511264117659789,0.6217994087398802,0.5305466426043223,0.4085905383087519,0.31572034894150397,0.14130389382606118,0.7521861442314166,0.7181419600036668,0.8414854934558381,0.9200834637811279,0.9185150349388229,0.8492492386618964,0.6451794868820262,0.7204813926239844,0.7213807671298201,0.7210156898528087,0.29624757248776706,0.9274086832165745,0.7963253543533431,0.41247518045406373,0.908873596921625,0.6500169818485868,0.7529901320150144,0.7600855321663416,0.9185150349388229,0.7017299284827669,0.9484256059199354,0.5749964044768724
HighestLevelEducationPrimary,-0.3243204092519829,0.5502778180633814,0.4774835332375146,0.6730709793072971,0.27974569625329504,0.639680308327866,0.6489049392921094,0.6449377631307118,0.5672960921239971,0.660589213736197,0.7797209179727228,0.45472306274054614,0.6640393261316054,0.664292881526233,0.9308824878851238,0.1909268784627196,0.1307116742164174,0.3683070466734027,0.6733303235839236,0.7997879936348641,0.8412325413497332,0.890740088330814,0.6730903789165401,0.9879566609274779,0.969872512343187,0.8928201305727678,0.7326855883859343,0.6281767961502517,0.5633896021053026,0.44969413260716856,0.26955034626420993,0.6513746741410473,0.45472306274054614,0.533043292238366,0.8983490671113624,1.0,0.8936229406395367,0.6331058673275684,0.6861569577572633,0.6198417032680247,0.43458881366117663,0.3462810173111403,0.2599720195585341,0.17015318217652314,0.005431267668096169,0.6164569364487217,0.5656622193394565,0.7106858720921795,0.8854872106777129,0.9052760301382977,0.8468022313324232,0.4867029122902174,0.5681903044426015,0.5697091343173988,0.5690054027593666,0.21606376485015963,0.9708537120983878,0.6628510726024529,0.25302783901029086,0.9466580960497462,0.4860036675979773,0.533043292238366,0.6131718593209738,0.9052760301382977,0.6021196522192233,0.8623374078385361,0.43824190538905755
HighestLevelEducationLowerSecondary,-0.3429918069248851,0.5820198707420976,0.5079647837174303,0.6763328547180834,0.2390749565624001,0.8566124018475578,0.861143422861291,0.8596292406309834,0.7950530317213695,0.7774478395603781,0.8917424280684153,0.5924398556794352,0.887162339367815,0.7081272464185918,0.9239408283895473,0.20199246194782736,0.36185970408612445,0.6556670365574191,0.910448427725095,0.9696567532289208,0.9491347255946625,0.8828505795079032,0.7457876249350773,0.8347930784676939,0.9623778585219244,0.9937865681550455,0.9426316373644255,0.8803744149255226,0.8338556929795624,0.7276971317910527,0.46271765436968443,0.8652312314157627,0.5924398556794352,0.7129748655216713,0.8943609769517209,0.8936229406395367,1.0,0.8844528794208419,0.9149854189038996,0.8865466363423777,0.7311572811310884,0.617646084429174,0.46919216917940737,0.33717743131634825,0.12048468833200672,0.6926979936273827,0.817799945243064,0.8931373114902519,0.9283867419699426,0.8904583070703831,0.787039823213392,0.5585199960240327,0.8494665445216407,0.8489937318073704,0.8493508080957267,0.38650496951304936,0.9748883745533593,0.9065115708456664,0.4661902795254097,0.9820733496650094,0.7061821915599407,0.7129748655216713,0.8458762255111638,0.8904583070703831,0.625018354610225,0.9390159748288907,0.7134544723079057
HighestLevelEducationUpperSecondary,-0.39009382534836273,0.6101982873841688,0.4858283723823578,0.5440033433149467,0.2365314514164211,0.9701160062278413,0.9729746758384208,0.9723635072066801,0.9453570718681665,0.7917109179427098,0.8533798070037217,0.7586518703320921,0.9748191643296248,0.7431481284996491,0.7848894416139071,0.22877033401679542,0.6783553734836505,0.9133505638173638,0.9872869924413133,0.9209427850251402,0.8733876292961178,0.7340670955919056,0.7499534589529698,0.5390367012748732,0.7552731711970234,0.8858919656355211,0.9779512062588033,0.9957391699845781,0.9843328087524206,0.9465634613411487,0.7384406404549014,0.9626441634385225,0.7586518703320921,0.8125599098480837,0.7497157794694531,0.6331058673275684,0.8844528794208419,1.0,0.9758459297164072,0.9791808943397079,0.9551179123630713,0.8897045835816624,0.7505374295248399,0.6274263250727663,0.40522044472913915,0.7029680884312846,0.9723891118293052,0.9632472041926187,0.8673595880558653,0.7871104671931368,0.6818989283748038,0.6009464857065835,0.9620207994712172,0.9616901177361225,0.9619893241506157,0.5790849155003589,0.7859700913878064,0.9794931825449446,0.7539563951849583,0.829009802012672,0.9057992961861348,0.8125599098480837,0.9759275925970241,0.7871104671931368,0.5816442680378023,0.8423175946325344,0.9381197024784484
HighestLevelEducationTechnicalQualification,-0.36888955463494,0.6386344847685855,0.5634950217407195,0.631770563120953,0.294486944891488,0.967349421435182,0.9612181280463554,0.9649703169232952,0.9377982341161641,0.8618615874467385,0.9235407321143365,0.7235590802480111,0.936849910525324,0.6425937819936365,0.8408223143578091,0.2533762248931514,0.5734941809378342,0.8358098061351692,0.9846264314018233,0.9668692769797221,0.9441791981392983,0.826890262639346,0.806043866384508,0.5997733986945288,0.8048319475322757,0.9043469782027517,0.9756779048773295,0.9628396412129685,0.9754038506510582,0.9230646460018983,0.6710717968230969,0.9586272001434786,0.7235590802480111,0.8696398513443658,0.8204272229873176,0.6861569577572633,0.9149854189038996,0.9758459297164072,1.0,0.9895952033015514,0.9253558293509175,0.8332557819284245,0.6701415259429195,0.5417539018857515,0.30466939320005193,0.7502804228450175,0.9517926454833388,0.9715448621994622,0.8817261559946228,0.8168644833599178,0.7169922320839431,0.6553960146002433,0.9661903903278,0.9662934135969651,0.9663704125070078,0.49262814317195364,0.8297963202114119,0.9985294342199283,0.6761383593306327,0.8621279913112483,0.8688056761922057,0.8696398513443658,0.9639328908552921,0.8168644833599178,0.6481670510233772,0.9198481509090826,0.8751632717853868
HighestLevelEducationAdvCert/Apprenticeship,-0.3234970505118877,0.6009672359080751,0.521316831069705,0.5835521977919038,0.2447682446193332,0.9558587638670994,0.9512644565494447,0.9542610734245216,0.934653132163051,0.8140564670192886,0.8727159316776341,0.7018579597665655,0.9344618423216668,0.6250683898544258,0.7818827254591407,0.2094404677590673,0.5936563392002585,0.8614687611635334,0.9850783312097858,0.9501962580929347,0.9026003146349036,0.7571582320042176,0.7508830582459409,0.5290577677252961,0.7563766726345664,0.8812402908860757,0.973536719899956,0.9701810535872809,0.9805419679379137,0.9308805420339397,0.6731148268974738,0.9471731311495529,0.7018579597665655,0.8379400168940566,0.7511264117659789,0.6198417032680247,0.8865466363423777,0.9791808943397079,0.9895952033015514,1.0,0.9411821266352464,0.8477046457439712,0.679967124264646,0.5470953555015539,0.3115922580148991,0.711118254386318,0.9532646810333465,0.9497010629884545,0.832383816925589,0.7563625648990678,0.6530316738977227,0.6184816592612425,0.9727189627350846,0.9718595919471461,0.9724317926005888,0.5001120379124254,0.7808205469019024,0.9959399754877422,0.6856369233549625,0.8234320900837236,0.8646704851170687,0.8379400168940566,0.9583656375853019,0.7563625648990678,0.6032404812203152,0.8700850299871508,0.8930633661932631
HighestLevelEducationHigherCertificate,-0.3818765870300316,0.6397267487201287,0.5075223614473883,0.48665727382960366,0.27782037746588717,0.9603941496831704,0.957154077611723,0.9594967033408333,0.9673199131168736,0.7828023984760393,0.793441808706766,0.800613206438798,0.9119670992695994,0.642952821298611,0.6566173573550945,0.24185887544972762,0.7971344855701734,0.9603796130128671,0.9405420884776392,0.8201677123893966,0.7760872585183775,0.6240509496833037,0.7354337549836013,0.3385168143566634,0.5768021097438153,0.7326604397787235,0.892188366001927,0.9463908263553558,0.9786537669841431,0.9922583803634153,0.8505929514754823,0.9377877342678576,0.800613206438798,0.855440001394002,0.6217994087398802,0.43458881366117663,0.7311572811310884,0.9551179123630713,0.9253558293509175,0.9411821266352464,1.0,0.9706711143037036,0.8534729282040441,0.7575828312092716,0.5510901964521304,0.7064284682019414,0.9790137672540478,0.9288818602013187,0.7582431137842843,0.6700357380782345,0.5859188102619932,0.6475415243890037,0.9409446429720271,0.9420091935867554,0.9415889191846866,0.5682314504803908,0.6077639164758264,0.9335859871879865,0.8635707117997881,0.6656207289537922,0.9522110938231184,0.855440001394002,0.9702031113906437,0.6700357380782345,0.5792444297665688,0.7406344769955748,0.9715566730981681
HighestLevelEducationOrdinaryBachelorDegree,-0.41776118682080055,0.6630775317161756,0.4891030670600926,0.43418145554699894,0.30483195344180436,0.9220270443249116,0.924797483630382,0.9241906431475285,0.9476237643311579,0.713274730915368,0.7065627111122009,0.8500735788968132,0.8613620181803058,0.6816539299758009,0.5769484430800446,0.25627933246858525,0.9068538324593136,0.9753942386701251,0.8669405474893386,0.7002408196033912,0.6667140253201292,0.5280250524320265,0.7090464788986518,0.25552403535581353,0.4713149927271247,0.6258579440041928,0.8000594203814292,0.8838350257220903,0.9188752073989339,0.9739571174625176,0.9460426988306153,0.8921496343034879,0.8500735788968132,0.8135275297235467,0.5305466426043223,0.3462810173111403,0.617646084429174,0.8897045835816624,0.8332557819284245,0.8477046457439712,0.9706711143037036,1.0,0.9458275457597245,0.8854373697432952,0.7200272398750931,0.6877111109756732,0.9496929721599328,0.8815367102398742,0.7117885344091144,0.6264104311351893,0.5684015745340424,0.6477806419876423,0.8592965521201528,0.8620350990619813,0.8607440149521027,0.5698335135921947,0.5037615353216635,0.8407413066934137,0.9550328832407253,0.564520352747248,0.9757997962176953,0.8135275297235467,0.9352431697863306,0.6264104311351893,0.5637695014449189,0.6340132479106506,0.9774040804843246
HighestLevelEducationHonoursBachelorDegree,-0.43225039093010564,0.6522951732408494,0.41429595956455545,0.3415876349826564,0.28990748453156956,0.8162101064196606,0.8275606070873731,0.8227024892967817,0.8685522785972799,0.580762211552859,0.5616220259502517,0.8288536481418173,0.7427664665496584,0.6924084183059661,0.4657977482545284,0.24346628757359157,0.9702755531433604,0.9196821680627476,0.7306916905246926,0.5298883944246122,0.5042230727885386,0.3968676021218713,0.6260618505483178,0.18527470182731964,0.3525932000037002,0.4863785041678503,0.650131873116893,0.7496970813895488,0.7791168905172947,0.8728453897316617,0.9915099869849431,0.7846175382647578,0.8288536481418173,0.7015626861651625,0.4085905383087519,0.2599720195585341,0.46919216917940737,0.7505374295248399,0.6701415259429195,0.679967124264646,0.8534729282040441,0.9458275457597245,1.0,0.9792470721524812,0.8564168864787666,0.6335644747523181,0.851601906255422,0.7675252828947993,0.624961266999264,0.5528517001921642,0.5386305199934809,0.6139042211449517,0.702777269765007,0.7054705757458365,0.7041816833198193,0.5297934954705747,0.38145892254024805,0.6754854494440954,0.9975495474056204,0.43997095420666227,0.9384496906862995,0.7015626861651625,0.83170332093595,0.5528517001921642,0.5032355969515169,0.47880659318746666,0.9161909336468872
HighestLevelEducationPostgraduateDegree,-0.44708868047742645,0.6396981769048806,0.40167286973073046,0.3009692935309785,0.3194817253169699,0.7179082839499885,0.7313098713240221,0.7253769999739476,0.7821223099149118,0.4967240991251524,0.45938778152475,0.8055478182176693,0.627308292407638,0.6472509514072783,0.3735715835895436,0.2626737619505262,0.9679939521737257,0.8389600928990227,0.6059551045398466,0.39092097831626943,0.385661106770891,0.3060178106426102,0.5741416210632846,0.10789741720215833,0.23908186310588073,0.3554319412003424,0.5138694970943434,0.6260646447274905,0.6617586627339611,0.781761693561773,0.9842225813823166,0.6854492316898235,0.8055478182176693,0.6266209753784043,0.31572034894150397,0.17015318217652314,0.33717743131634825,0.6274263250727663,0.5417539018857515,0.5470953555015539,0.7575828312092716,0.8854373697432952,0.9792470721524812,1.0,0.9327734520729248,0.5894928346883417,0.7529749801040029,0.6689467309968424,0.5383170982105812,0.47271890259412186,0.47536313196058394,0.5934094475787156,0.5735785620306194,0.5774720293144127,0.5755493139670822,0.482543731190141,0.26717326112893697,0.5450937183005666,0.9819842297415226,0.32020917941610527,0.879712997327044,0.6266209753784043,0.7324517975570758,0.47271890259412186,0.4798931979319761,0.36690684008870855,0.8324682546355427
HighestLevelEducationDoctorate,-0.4814071047712807,0.5016253525330447,0.319539005268652,0.1685191539485233,0.26659577782526656,0.5075935003085558,0.5301138061776752,0.5195843850144092,0.5705102639887872,0.28194891573764186,0.24602630878936893,0.7232892550285965,0.4311060256389275,0.5575184276403675,0.1905470428227457,0.2787922346578852,0.9045354636538492,0.6577836121665024,0.36993274929628905,0.147415243888434,0.16118216238503788,0.10639972912073074,0.4399643948677236,-0.042667229068295974,0.03596787089628193,0.13575763296927976,0.27387493803358953,0.40358147661433325,0.4338722259447771,0.5832541652259746,0.8773165766038442,0.48398799421593675,0.7232892550285965,0.41630420411395885,0.14130389382606118,0.005431267668096169,0.12048468833200672,0.40522044472913915,0.30466939320005193,0.3115922580148991,0.5510901964521304,0.7200272398750931,0.8564168864787666,0.9327734520729248,1.0,0.43189137956794343,0.5483965379618337,0.46190354749840745,0.3603125335312788,0.2986739781946016,0.3227644911511742,0.46124007185021343,0.3507186424936471,0.35453648060799114,0.3526226452522626,0.4017901018396157,0.07045136303532054,0.3080242470522452,0.8669637648238385,0.10697335198502786,0.7137696488405331,0.41630420411395885,0.5258023006616682,0.2986739781946016,0.3535420190646554,0.14737237887699917,0.6472933470106399
HighestLevelEducationNotStated,-0.3100007958205054,0.9333665337732239,0.8956164692563983,0.8411977495835006,0.6258015003691951,0.8167946863528739,0.79537971881803,0.8064331532840426,0.8215720329073348,0.8579584107300836,0.833133522284692,0.8036908210546205,0.659938968227656,0.5259052978127717,0.7531384912197756,0.4802125825387015,0.4909817129604159,0.6085214480749385,0.7359381312019458,0.7241996437683564,0.7871524892886764,0.7925421345430906,0.9201587697049058,0.5591887359441312,0.6549673094966841,0.6615115350893965,0.6913139887837901,0.6728491177063112,0.7295911765425664,0.7188964067718712,0.6631015672829708,0.846006193969549,0.8036908210546205,0.8852108222648171,0.7521861442314166,0.6164569364487217,0.6926979936273827,0.7029680884312846,0.7502804228450175,0.711118254386318,0.7064284682019414,0.6877111109756732,0.6335644747523181,0.5894928346883417,0.43189137956794343,1.0,0.7551182625328788,0.8322300826740485,0.7852150890747029,0.7767007756600887,0.7289856745923643,0.9741039587593534,0.662328382213309,0.6649442563194599,0.6636896971538616,0.3034579675639628,0.6797547412736858,0.7373626175239485,0.6429285665790306,0.6756227921951924,0.7955684379397606,0.8852108222648171,0.783324741579318,0.7767007756600887,0.9401947909628335,0.7955289021631053,0.6573593608047501
GeneralHealthVeryGood,-0.43877244976417734,0.6853576017974828,0.5432530528802624,0.5665591096529904,0.28950351935132335,0.9903958083838932,0.9925878289614445,0.9923166317623994,0.9861608362170904,0.8221638052724557,0.8556802567720485,0.8200693825536544,0.9540516095354573,0.7093469203381021,0.7499616073145532,0.24778975539751685,0.7863834794280813,0.9477025595033745,0.9737412905138659,0.8810675399468549,0.8432803863462884,0.7116682852952428,0.7931534072881582,0.4792486875642285,0.6929200231956345,0.8187491947149382,0.93361003072915,0.9648769854596108,0.9833080629808402,0.9816318440622969,0.8469050580075189,0.9666851814674248,0.8200693825536544,0.873530688271131,0.7181419600036668,0.5656622193394565,0.817799945243064,0.9723891118293052,0.9517926454833388,0.9532646810333465,0.9790137672540478,0.9496929721599328,0.851601906255422,0.7529749801040029,0.5483965379618337,0.7551182625328788,1.0,0.9694562311895725,0.8419776507716646,0.7649784817913328,0.6814285253740219,0.6801871595259198,0.962208673019658,0.963361566497946,0.9628987748854877,0.5316354256732828,0.7184534407547267,0.9546790400303226,0.8557377577297899,0.7675354192933089,0.9639751703479981,0.873530688271131,0.9972472346738589,0.7649784817913328,0.6366091436813205,0.8140886157145055,0.9731782510585388
GeneralHealthGood,-0.4489243425873993,0.7465049033660073,0.6436679492423362,0.6762301482040437,0.39159548170200803,0.9924438788825345,0.9895332959023054,0.991741590288345,0.9705789799731606,0.8930738819563281,0.9367098723196264,0.8448711316568558,0.9348254338322549,0.7303887824277028,0.8700359095220491,0.31454181120732766,0.6681996135934823,0.8591749737050434,0.970286889112053,0.9278146347508415,0.9314208244984727,0.8465362127783952,0.888812422679109,0.6286979806188959,0.8012483990396927,0.883174399579124,0.9458506573254496,0.9476998372425115,0.9618935899302101,0.9379300880675292,0.7775521477141734,0.9836737318841149,0.8448711316568558,0.9058814798462457,0.8414854934558381,0.7106858720921795,0.8931373114902519,0.9632472041926187,0.9715448621994622,0.9497010629884545,0.9288818602013187,0.8815367102398742,0.7675252828947993,0.6689467309968424,0.46190354749840745,0.8322300826740485,0.9694562311895725,1.0,0.9335361258196071,0.8784388706152605,0.7927317606085588,0.7462540434970215,0.928122958935272,0.9301854416364516,0.9292508655608589,0.49511639402102964,0.8311015476048941,0.9656944940924098,0.7741322808597725,0.8567703630553559,0.935050626998788,0.9058814798462457,0.9849734536023321,0.8784388706152605,0.7306899263339813,0.9159801085649115,0.9014643759235874
GeneralHealthFair,-0.45675553079253806,0.7089088670736299,0.6021793329239407,0.6740275014429419,0.37209569291591765,0.8921584650214698,0.8991264038712852,0.8964573121889008,0.8439426190745389,0.827551634580747,0.9081722593520563,0.775646100333137,0.8648947662163663,0.8187461960355186,0.9587566135057702,0.32574385781340637,0.5121674307154452,0.6997114779945742,0.8755571584306325,0.8881506806421351,0.9251471260394555,0.9064054791686775,0.867953089365749,0.8236349488343749,0.9051722091012667,0.9231286949980506,0.8876059554705864,0.8558821305494604,0.8279060481260384,0.7788826738325203,0.63949153423653,0.8964932019010208,0.775646100333137,0.7787104814077314,0.9200834637811279,0.8854872106777129,0.9283867419699426,0.8673595880558653,0.8817261559946228,0.832383816925589,0.7582431137842843,0.7117885344091144,0.624961266999264,0.5383170982105812,0.3603125335312788,0.7852150890747029,0.8419776507716646,0.9335361258196071,1.0,0.9813235028990649,0.9159577882532192,0.6710423436073439,0.7909327505602756,0.792792979013121,0.7919438419196029,0.44908277428989074,0.9353705469339171,0.8652945953717132,0.6263877847732104,0.9334636622684052,0.8128115351082115,0.7787104814077314,0.8751145878270576,0.9813235028990649,0.7024944439586305,0.9280259136579724,0.7551080684164945
GeneralHealthBad,-0.43538022560551193,0.7029764272640358,0.6082155549533308,0.6665497042951769,0.3977852824362713,0.827962308037139,0.8337100963323513,0.8315820981465311,0.7756997010406846,0.8146798938884178,0.8895766708755285,0.7264007153475921,0.7857599509377251,0.7729958079971485,0.9614181914998878,0.30335712904909,0.4243790340791207,0.6037091094226605,0.8033870353903282,0.8415106444045702,0.9001960899953664,0.919523890831747,0.8607421050948327,0.8585224076915827,0.9002146329839747,0.8853624008381369,0.8237132608112158,0.772452233576791,0.7502923709634973,0.6982756137060437,0.572941585265451,0.8285880566367235,0.7264007153475921,0.747962729524991,0.9185150349388229,0.9052760301382977,0.8904583070703831,0.7871104671931368,0.8168644833599178,0.7563625648990678,0.6700357380782345,0.6264104311351893,0.5528517001921642,0.47271890259412186,0.2986739781946016,0.7767007756600887,0.7649784817913328,0.8784388706152605,0.9813235028990649,1.0,0.9592623351442893,0.6675892951533918,0.7137825922760503,0.7169638808632911,0.7154258209408674,0.36522144859344735,0.9252098868449834,0.7960692135114248,0.551961031592761,0.9156509895354216,0.7408190635526565,0.747962729524991,0.8042377447869132,1.0,0.699389138086773,0.9134324088776449,0.6633700710647509
GeneralHealthVeryBad,-0.37173225011792776,0.688829159629315,0.575465251323014,0.5874716762359519,0.3631391969646435,0.7449673040521584,0.7526931514412316,0.7495381223169292,0.703080226756029,0.7280623903974006,0.7995930625689818,0.689179537111843,0.685726905851892,0.7304534202535989,0.9098983182901903,0.27068423305654715,0.4118060580578599,0.5343404262122623,0.70019240199489,0.7363101866851236,0.808836401082351,0.8441473506618925,0.8100866172985023,0.8154366562717915,0.8241628547214797,0.7870396121997842,0.7210833339080023,0.6660757984227472,0.6511808249011499,0.6230672651136514,0.5596523892718481,0.738896708368025,0.689179537111843,0.6691212038377597,0.8492492386618964,0.8468022313324232,0.787039823213392,0.6818989283748038,0.7169922320839431,0.6530316738977227,0.5859188102619932,0.5684015745340424,0.5386305199934809,0.47536313196058394,0.3227644911511742,0.7289856745923643,0.6814285253740219,0.7927317606085588,0.9159577882532192,0.9592623351442893,1.0,0.6449641703241414,0.6117600733256376,0.6152770674474902,0.6135528576602719,0.33821212483786806,0.8414619176858337,0.6946491125934878,0.5326536493316687,0.8322038671732688,0.6848459395964702,0.6691212038377597,0.7194941342568836,0.9592623351442893,0.6554280231622605,0.8257143718201367,0.5906512960967181
GeneralHealthNotStated,-0.28706331880906466,0.9400473622178207,0.9057927110709583,0.8103924257753874,0.6596987134299612,0.7420980483980814,0.7113182647475984,0.7268594748480504,0.7617789604109197,0.8133505035436123,0.7583313230662155,0.7749362418534712,0.5455127376881561,0.3992869771137094,0.649808091277445,0.5225362347622544,0.47656418429759856,0.5447925413820613,0.6365765661477053,0.6117383754614206,0.6907016742437794,0.7077895011637003,0.8795349735753529,0.44116468792508895,0.5283503598533175,0.5241246292613299,0.5768187126702132,0.5686723262300701,0.6490895944769193,0.6626956835498906,0.6544926536318434,0.7582763611598075,0.7749362418534712,0.8579890121868515,0.6451794868820262,0.4867029122902174,0.5585199960240327,0.6009464857065835,0.6553960146002433,0.6184816592612425,0.6475415243890037,0.6477806419876423,0.6139042211449517,0.5934094475787156,0.46124007185021343,0.9741039587593534,0.6801871595259198,0.7462540434970215,0.6710423436073439,0.6675892951533918,0.6449641703241414,1.0,0.574779963016073,0.5770013946695923,0.5759376649261366,0.23201728086012854,0.5448341661643079,0.6430927083748597,0.6266377983130494,0.5446567120808222,0.7441509492635764,0.8579890121868515,0.7045688958695178,0.6675892951533918,0.9348944554734587,0.7014848940253682,0.5885536867740218
Total_Under18Male,-0.382104083744331,0.5635251301764739,0.46698373884692324,0.5319653730410677,0.18374107951781057,0.9482558198050843,0.9481584654249413,0.9489652486606429,0.922939182678002,0.8068373890820691,0.8612391256272052,0.6717526948155453,0.9475176586398527,0.595385663399437,0.7335180316310176,0.1712531800072866,0.6479708805916454,0.882216432950738,0.9737477496496781,0.9268407277374767,0.86565040950322,0.7130049384479547,0.718447677280895,0.48591134672799635,0.7196434193051965,0.84673602239749,0.9526753279773746,0.9563746640300971,0.9723826811240869,0.9347347874098914,0.6926267823893507,0.9177462751811564,0.6717526948155453,0.835359667008995,0.7204813926239844,0.5681903044426015,0.8494665445216407,0.9620207994712172,0.9661903903278,0.9727189627350846,0.9409446429720271,0.8592965521201528,0.702777269765007,0.5735785620306194,0.3507186424936471,0.662328382213309,0.962208673019658,0.928122958935272,0.7909327505602756,0.7137825922760503,0.6117600733256376,0.574779963016073,1.0,0.9994618566754839,0.9998727303752311,0.4684446515006294,0.7360063314879912,0.9710173051787988,0.7074083951469786,0.7874774932239414,0.8600511342354189,0.835359667008995,0.9581401754093409,0.7137825922760503,0.553427648254457,0.83081112623778,0.9111343708772732
Total_Under18Female,-0.3830782466288882,0.567236824366744,0.4710462845102501,0.5355765075790274,0.18713092517975205,0.9496176737193318,0.9498862933306428,0.9505164484470524,0.9246693738267426,0.8098289087815893,0.8628076258438359,0.6757545300056853,0.9480019744170238,0.5974395701229954,0.7351956100775998,0.16196960844640923,0.6508119409366615,0.8827392249626793,0.9741209283870459,0.9269376989324887,0.8668874621663002,0.7158071376686025,0.7219128869407029,0.4882011661305434,0.7205914850327892,0.8465809923598294,0.9520561393873088,0.9562024380528464,0.9726161698905432,0.936323714206852,0.696566970703358,0.917861709757342,0.6757545300056853,0.8383531666285032,0.7213807671298201,0.5697091343173988,0.8489937318073704,0.9616901177361225,0.9662934135969651,0.9718595919471461,0.9420091935867554,0.8620350990619813,0.7054705757458365,0.5774720293144127,0.35453648060799114,0.6649442563194599,0.963361566497946,0.9301854416364516,0.792792979013121,0.7169638808632911,0.6152770674474902,0.5770013946695923,0.9994618566754839,1.0,0.9998579776714881,0.4668323841725246,0.7365216235633396,0.9707579612407559,0.7106200040315671,0.7881798863693855,0.8621698728113073,0.8383531666285032,0.959575527507476,0.7169638808632911,0.5574170359455494,0.8324937832665191,0.9120822260643491
Total_Under18,-0.3826292562191448,0.5654061231131935,0.46902239083762487,0.5337932141822328,0.18541447167078287,0.9490456755818509,0.9491263032917547,0.9498472901231453,0.9239047789003476,0.8084008340359213,0.8621177855121039,0.6737893532647082,0.947880615545862,0.5964646585334291,0.7344325692081419,0.166761047388957,0.6494397866179609,0.8825893226410257,0.9740601808707172,0.9270125153997033,0.8663684596420246,0.7144636885711279,0.7202296211289153,0.48709036027683017,0.7202012853304941,0.8467744756638681,0.9525022777980646,0.956419496092291,0.9726269891544886,0.9356332643340969,0.6946362650207996,0.9179258198399255,0.6737893532647082,0.8369279100758105,0.7210156898528087,0.5690054027593666,0.8493508080957267,0.9619893241506157,0.9663704125070078,0.9724317926005888,0.9415889191846866,0.8607440149521027,0.7041816833198193,0.5755493139670822,0.3526226452522626,0.6636896971538616,0.9628987748854877,0.9292508655608589,0.7919438419196029,0.7154258209408674,0.6135528576602719,0.5759376649261366,0.9998727303752311,0.9998579776714881,1.0,0.4677234967962122,0.7363559138246865,0.9710217354097593,0.7090655133109778,0.7879249949813085,0.8611972484144541,0.8369279100758105,0.9589671068457783,0.7154258209408674,0.5554423425291062,0.8317412160460942,0.9117178827346187
Green,-0.21624470063501733,0.29143852918099566,0.1562217154964241,0.06101866785328353,0.0056072000586697,0.5046657792988257,0.5277673405077121,0.5169533137240652,0.5074862491297191,0.2389342977755216,0.2866801511563011,0.49603247933900185,0.5581454361276008,0.6116992107353305,0.31706247678162347,0.132829094017883,0.532830109463312,0.6107539974046535,0.5097133243391908,0.3688219395930556,0.3339333499395898,0.22851464250766204,0.31088310751231635,0.12431632160299359,0.2590060771174135,0.4017823251922475,0.5174142214962649,0.5723148163348484,0.533694875972363,0.55500052899019,0.5034005024068717,0.5494854066078789,0.49603247933900185,0.3067547896199561,0.29624757248776706,0.21606376485015963,0.38650496951304936,0.5790849155003589,0.49262814317195364,0.5001120379124254,0.5682314504803908,0.5698335135921947,0.5297934954705747,0.482543731190141,0.4017901018396157,0.3034579675639628,0.5316354256732828,0.49511639402102964,0.44908277428989074,0.36522144859344735,0.33821212483786806,0.23201728086012854,0.4684446515006294,0.4668323841725246,0.4677234967962122,1.0,0.3134155987428911,0.4966548574117046,0.5323437616807363,0.3426461883150087,0.5586698229812126,0.3067547896199561,0.5240406538072059,0.36522144859344735,0.18306641279618713,0.307566679890952,0.5947533671330436
NoLowEducation,-0.3483224679552839,0.5865806153800183,0.5137886941666922,0.6972028434494926,0.27280431638705616,0.7764138866091849,0.7828699674993671,0.7803567308832359,0.7077436017280876,0.7482111413551897,0.8662885796917341,0.5465227985485095,0.8017292273960224,0.7038114456094926,0.9567059644082399,0.20723686782246728,0.2597814697921553,0.5326326843453081,0.8195891512628124,0.9137308660969345,0.9256975156160305,0.9159080747956547,0.7378994897108697,0.9332751260277757,0.9921739565076022,0.9705766283182693,0.8653256175886826,0.7805759864149668,0.7259319886523404,0.6142413674429007,0.383792699393421,0.78649858944831,0.5465227985485095,0.6506765364677086,0.9274086832165745,0.9708537120983878,0.9748883745533593,0.7859700913878064,0.8297963202114119,0.7808205469019024,0.6077639164758264,0.5037615353216635,0.38145892254024805,0.26717326112893697,0.07045136303532054,0.6797547412736858,0.7184534407547267,0.8311015476048941,0.9353705469339171,0.9252098868449834,0.8414619176858337,0.5448341661643079,0.7360063314879912,0.7365216235633396,0.7363559138246865,0.3134155987428911,1.0,0.813375657354778,0.37679362556652785,0.9914334160368833,0.6205079938079778,0.6506765364677086,0.757165596637811,0.9252098868449834,0.6360668755754161,0.9310680111841931,0.5984100936526445
MiddleEducation,-0.3526898769284083,0.6260064332594119,0.5489832162042763,0.6151501502795438,0.27647492848946364,0.9653897261422691,0.9598225316260136,0.9632992214956342,0.9389106573557928,0.8459605688857367,0.9066530355624393,0.7171549443884425,0.9382452525874193,0.6375646623950947,0.8206744063231843,0.2374424434522686,0.5824960363088647,0.847525428143794,0.9872088877065168,0.9629557481056833,0.930825823494239,0.802641748693615,0.7872345598615752,0.5745978729952976,0.7885462438823716,0.8978561429913238,0.9772613925456631,0.9679646164833292,0.9797294287371449,0.9282709588425542,0.6734856123967599,0.9566599229078815,0.7171549443884425,0.8598261846917721,0.7963253543533431,0.6628510726024529,0.9065115708456664,0.9794931825449446,0.9985294342199283,0.9959399754877422,0.9335859871879865,0.8407413066934137,0.6754854494440954,0.5450937183005666,0.3080242470522452,0.7373626175239485,0.9546790400303226,0.9656944940924098,0.8652945953717132,0.7960692135114248,0.6946491125934878,0.6430927083748597,0.9710173051787988,0.9707579612407559,0.9710217354097593,0.4966548574117046,0.813375657354778,1.0,0.6813737512025348,0.8496598799787533,0.8693760233343939,0.8598261846917721,0.9641966998042337,0.7960692135114248,0.6328271197906862,0.9033514373710826,0.8840518496400781
HighEducation,-0.4424977998549427,0.6628528683524997,0.4366376933351765,0.35646969351130114,0.31052138762113274,0.8217637259481666,0.8319150063878731,0.8276436844429041,0.8727707048234106,0.5940133574838226,0.5707884634199,0.8414267355625656,0.7436724030352402,0.6858897245384821,0.46826444274722856,0.25871622214807216,0.9718855995750865,0.921072475028969,0.732365471865027,0.531024515536254,0.5105859682321517,0.40364618386201295,0.6396854565660538,0.17749663607220617,0.3467487850468378,0.4818164774529858,0.6493848697919191,0.7516155196535947,0.7854180877877887,0.8810221578586243,0.9962261002529278,0.7896726972001782,0.8414267355625656,0.7153321064543858,0.41247518045406373,0.25302783901029086,0.4661902795254097,0.7539563951849583,0.6761383593306327,0.6856369233549625,0.8635707117997881,0.9550328832407253,0.9975495474056204,0.9819842297415226,0.8669637648238385,0.6429285665790306,0.8557377577297899,0.7741322808597725,0.6263877847732104,0.551961031592761,0.5326536493316687,0.6266377983130494,0.7074083951469786,0.7106200040315671,0.7090655133109778,0.5323437616807363,0.37679362556652785,0.6813737512025348,1.0,0.4349330734997177,0.9438352922695763,0.7153321064543858,0.8366130532744204,0.551961031592761,0.5195774794132858,0.4853405725622967,0.9177843303327297
EducationCeasedYoung,-0.34706672272483485,0.5996863365999887,0.49371661711537324,0.6846612578051803,0.25577544391627305,0.8135239045601075,0.8213027969573936,0.8181769194467512,0.7525193566372904,0.7577981762259838,0.8699960891426721,0.5541407299088894,0.8451943471402923,0.718773226854885,0.9497907428412095,0.16274704655524677,0.3237285395199898,0.6027320527461473,0.8622271751657234,0.937093215389327,0.9305445970525631,0.8984622174646998,0.722827845712847,0.91045645306603,0.9906064151662191,0.9874347562422832,0.9067315556814103,0.8281117243858306,0.7733821555459185,0.6677530230553066,0.43755401271865,0.8093835751888961,0.5541407299088894,0.6718193716322906,0.908873596921625,0.9466580960497462,0.9820733496650094,0.829009802012672,0.8621279913112483,0.8234320900837236,0.6656207289537922,0.564520352747248,0.43997095420666227,0.32020917941610527,0.10697335198502786,0.6756227921951924,0.7675354192933089,0.8567703630553559,0.9334636622684052,0.9156509895354216,0.8322038671732688,0.5446567120808222,0.7874774932239414,0.7881798863693855,0.7879249949813085,0.3426461883150087,0.9914334160368833,0.8496598799787533,0.4349330734997177,1.0,0.6620746144235422,0.6718193716322906,0.7994874320962336,0.9156509895354216,0.6304252779885208,0.929764536542329,0.662170401457707
ContinuedEducation,-0.45958472007468765,0.7511810309065682,0.5887573539682115,0.5470034043457921,0.375505872278949,0.9580193991361738,0.9604726082240547,0.9600486445567925,0.9768124594974271,0.7799941068236902,0.7888203676610022,0.9004490654810211,0.8806729654669697,0.7401452412507872,0.6898136962000199,0.33338872815293147,0.8723139909951113,0.9434234705658628,0.895338712840706,0.7613935945036032,0.7523014067494947,0.6475199908836072,0.8119073058527361,0.39665912028171074,0.5842482989999059,0.7050551385955218,0.8342230400814898,0.8937963310931395,0.9240012521690598,0.9642816458266898,0.9422623777525811,0.9461428952589069,0.9004490654810211,0.8605207694707655,0.6500169818485868,0.4860036675979773,0.7061821915599407,0.9057992961861348,0.8688056761922057,0.8646704851170687,0.9522110938231184,0.9757997962176953,0.9384496906862995,0.879712997327044,0.7137696488405331,0.7955684379397606,0.9639751703479981,0.935050626998788,0.8128115351082115,0.7408190635526565,0.6848459395964702,0.7441509492635764,0.8600511342354189,0.8621698728113073,0.8611972484144541,0.5586698229812126,0.6205079938079778,0.8693760233343939,0.9438352922695763,0.6620746144235422,1.0,0.8605207694707655,0.9614784438631375,0.7408190635526565,0.6691764205332529,0.7297680305366774,0.9624889825396542
StillInEducation,-0.38908554088125313,0.8020949601584725,0.7600831557986101,0.7249115405684775,0.5281901810923338,0.9092399677089165,0.8829730205126741,0.8964566461095456,0.9088963498835003,0.9594131369662876,0.9232811784869521,0.7973597378319246,0.7492919608228288,0.43934157386852507,0.7440302619161527,0.38566254134032546,0.5803089821704289,0.7309734042622476,0.8449393882415791,0.812941020030224,0.857518858351817,0.8109153649031765,0.914961160024177,0.46462882586586435,0.6291473696277766,0.6827278338863091,0.783001103235239,0.7806707475508012,0.8689145358818507,0.8730637428065106,0.7327886277891694,0.8866730812122371,0.7973597378319246,1.0,0.7529901320150144,0.533043292238366,0.7129748655216713,0.8125599098480837,0.8696398513443658,0.8379400168940566,0.855440001394002,0.8135275297235467,0.7015626861651625,0.6266209753784043,0.41630420411395885,0.8852108222648171,0.873530688271131,0.9058814798462457,0.7787104814077314,0.747962729524991,0.6691212038377597,0.8579890121868515,0.835359667008995,0.8383531666285032,0.8369279100758105,0.3067547896199561,0.6506765364677086,0.8598261846917721,0.7153321064543858,0.6718193716322906,0.8605207694707655,1.0,0.888972495264148,0.747962729524991,0.8057219578559532,0.852066676901534,0.7753988675989426
GoodHealth,-0.44468533987393166,0.7082855636116884,0.5771313614977508,0.6033867811290543,0.3222442338541199,0.9974339418908029,0.9980975533185128,0.9985741968648909,0.9878416529481392,0.8489299130635399,0.8857229246946207,0.8328824736007084,0.9544225711576539,0.7203057091664281,0.7911230571974698,0.2695761746193079,0.7557509184718287,0.9270812102503686,0.9790079785587008,0.9009104767360999,0.8753924278080482,0.7570539482150783,0.8272135771601622,0.527536220363239,0.7301607531421168,0.8435326690847601,0.9433615312909547,0.9659375693826918,0.983207077025795,0.9747821159702426,0.8314272956693992,0.978086438512028,0.8328824736007084,0.888972495264148,0.7600855321663416,0.6131718593209738,0.8458762255111638,0.9759275925970241,0.9639328908552921,0.9583656375853019,0.9702031113906437,0.9352431697863306,0.83170332093595,0.7324517975570758,0.5258023006616682,0.783324741579318,0.9972472346738589,0.9849734536023321,0.8751145878270576,0.8042377447869132,0.7194941342568836,0.7045688958695178,0.9581401754093409,0.959575527507476,0.9589671068457783,0.5240406538072059,0.757165596637811,0.9641966998042337,0.8366130532744204,0.7994874320962336,0.9614784438631375,0.888972495264148,1.0,0.8042377447869132,0.6691775871030677,0.8501686699472567,0.9578051261562983
PoorHealth,-0.43538022560551193,0.7029764272640358,0.6082155549533308,0.6665497042951769,0.3977852824362713,0.827962308037139,0.8337100963323513,0.8315820981465311,0.7756997010406846,0.8146798938884178,0.8895766708755285,0.7264007153475921,0.7857599509377251,0.7729958079971485,0.9614181914998878,0.30335712904909,0.4243790340791207,0.6037091094226605,0.8033870353903282,0.8415106444045702,0.9001960899953664,0.919523890831747,0.8607421050948327,0.8585224076915827,0.9002146329839747,0.8853624008381369,0.8237132608112158,0.772452233576791,0.7502923709634973,0.6982756137060437,0.572941585265451,0.8285880566367235,0.7264007153475921,0.747962729524991,0.9185150349388229,0.9052760301382977,0.8904583070703831,0.7871104671931368,0.8168644833599178,0.7563625648990678,0.6700357380782345,0.6264104311351893,0.5528517001921642,0.47271890259412186,0.2986739781946016,0.7767007756600887,0.7649784817913328,0.8784388706152605,0.9813235028990649,1.0,0.9592623351442893,0.6675892951533918,0.7137825922760503,0.7169638808632911,0.7154258209408674,0.36522144859344735,0.9252098868449834,0.7960692135114248,0.551961031592761,0.9156509895354216,0.7408190635526565,0.747962729524991,0.8042377447869132,1.0,0.699389138086773,0.9134324088776449,0.6633700710647509
TotalCrime,-0.2972461217555018,0.9490847442764111,0.9565293170998392,0.9384413797550714,0.7347008547689282,0.7077386576782915,0.6824759023419636,0.6953104941936543,0.7097773747404259,0.7964100110454829,0.7663363039401689,0.7012193738798723,0.5567380173806964,0.4183966891583572,0.7173312408985129,0.40437693497250854,0.3592975303910789,0.47686038105423845,0.6301546004568744,0.6453810567230414,0.7275045165602687,0.7528850870701013,0.8518381420442295,0.5743326911396804,0.6316174519601401,0.5986888436202124,0.5892282878890477,0.5564037854908277,0.6120572938671991,0.5911973106257689,0.5498139040920361,0.7213763186077773,0.7012193738798723,0.8057219578559532,0.7017299284827669,0.6021196522192233,0.625018354610225,0.5816442680378023,0.6481670510233772,0.6032404812203152,0.5792444297665688,0.5637695014449189,0.5032355969515169,0.4798931979319761,0.3535420190646554,0.9401947909628335,0.6366091436813205,0.7306899263339813,0.7024944439586305,0.699389138086773,0.6554280231622605,0.9348944554734587,0.553427648254457,0.5574170359455494,0.5554423425291062,0.18306641279618713,0.6360668755754161,0.6328271197906862,0.5195774794132858,0.6304252779885208,0.6691764205332529,0.8057219578559532,0.6691775871030677,0.699389138086773,1.0,0.7409130695609609,0.5272127373292572
LowerSocialClass,-0.38353072761139473,0.6807501801246005,0.6556623439263428,0.7654026249615061,0.41386734925278734,0.87465662747136,0.8621675173604888,0.8689328530612712,0.8241771167775657,0.9114707997734424,0.9768578075052795,0.6624022280767918,0.808668699523454,0.5684039595179926,0.9558451561979537,0.28761182130568597,0.34099488684451257,0.6056864174307377,0.8798049849308263,0.9528482339101553,0.9967308310288594,0.9771424795486586,0.874036344869534,0.8098707889160441,0.9165246606403633,0.917153414910705,0.8889241739383582,0.8194508309402692,0.8350093288908955,0.7549244902695096,0.5034550245902746,0.86837205341346,0.6624022280767918,0.852066676901534,0.9484256059199354,0.8623374078385361,0.9390159748288907,0.8423175946325344,0.9198481509090826,0.8700850299871508,0.7406344769955748,0.6340132479106506,0.47880659318746666,0.36690684008870855,0.14737237887699917,0.7955289021631053,0.8140886157145055,0.9159801085649115,0.9280259136579724,0.9134324088776449,0.8257143718201367,0.7014848940253682,0.83081112623778,0.8324937832665191,0.8317412160460942,0.307566679890952,0.9310680111841931,0.9033514373710826,0.4853405725622967,0.929764536542329,0.7297680305366774,0.852066676901534,0.8501686699472567,0.9134324088776449,0.7409130695609609,1.0,0.6726738160087958
HigherSocialClass,-0.41546286524904835,0.6221343486098126,0.4230679931295723,0.43348591860658303,0.2101133510310872,0.9397315845645005,0.9503748398239948,0.9459590989110875,0.9528020843347098,0.6954698079820791,0.7228446059549365,0.7923238889852614,0.9307510849619572,0.7459215506387739,0.6233934706259214,0.20087553796053,0.8810379124274405,0.9944246826671572,0.9213042655057327,0.7739337639050631,0.7095286394283257,0.5545392259790214,0.6707963472545213,0.34891589981566323,0.5718651115836881,0.7284505790301146,0.8751994562545513,0.9411850795746481,0.9447051605636884,0.9690924642635764,0.8992616513567913,0.9128368079477205,0.7923238889852614,0.7753988675989426,0.5749964044768724,0.43824190538905755,0.7134544723079057,0.9381197024784484,0.8751632717853868,0.8930633661932631,0.9715566730981681,0.9774040804843246,0.9161909336468872,0.8324682546355427,0.6472933470106399,0.6573593608047501,0.9731782510585388,0.9014643759235874,0.7551080684164945,0.6633700710647509,0.5906512960967181,0.5885536867740218,0.9111343708772732,0.9120822260643491,0.9117178827346187,0.5947533671330436,0.5984100936526445,0.8840518496400781,0.9177843303327297,0.662170401457707,0.9624889825396542,0.7753988675989426,0.9578051261562983,0.6633700710647509,0.5272127373292572,0.6726738160087958,1.0
