,Garda Station,Theft,Assault & Kidnapping,Fraud & Drugs & Weapons,Environment & Public Order,TotalCrime,PopulationTotalMale,PopulationTotalFemale,PopulationTotal,PrincipalStatusAtWork,PrincipalStatusLookingForFirstJob,PrincipalStatusUnemployed,PrincipalStatusStudent,PrincipalStatusLookingAfterHome/Family,PrincipalStatusRetired,PrincipalStatusUnableToWork,PrincipalStatusOther,SocialClassProfessionalWorkers,SocialClassManagerialAndTechnical,SocialClassNonManual,SocialClassSkilledManual,SocialClassSemiSkilled,SocialClassUnskilled,SocialClassOther,AgeEducationCeasedUnder15,AgeEducationCeasedAge15,AgeEducationCeasedAge16,AgeEducationCeasedAge17,AgeEducationCeasedAge18,AgeEducationCeasedAge19,AgeEducationCeasedAge20,AgeEducationCeasedAge21+,AgeEducationCeasedNotStated,EducationNotCeasedStillAtSchool,EducationNotCeasedOther,HighestLevelEducationNoFormalEducation,HighestLevelEducationPrimary,HighestLevelEducationLowerSecondary,HighestLevelEducationUpperSecondary,HighestLevelEducationTechnicalQualification,HighestLevelEducationAdvCert/Apprenticeship,HighestLevelEducationHigherCertificate,HighestLevelEducationOrdinaryBachelorDegree,HighestLevelEducationHonoursBachelorDegree,HighestLevelEducationPostgraduateDegree,HighestLevelEducationDoctorate,HighestLevelEducationNotStated,GeneralHealthVeryGood,GeneralHealthGood,GeneralHealthFair,GeneralHealthBad,GeneralHealthVeryBad,GeneralHealthNotStated,Total_Under18Male,Total_Under18Female,Total_Under18,Green,Area,PopulationDensity,GreensPerKMSQ,GreensPerPerson,TotalCrimePerCap
0,Balbriggan,0.00802761833458115,0.006987771400049914,0.007445304051243656,0.019549122369187256,0.042009816155061976,0.4885616837201564,0.5114383162798436,24042,0.382289327011064,0.011105565260793612,0.0929623159470926,0.06829714666001165,0.06929539971716163,0.05066134265036187,0.02973962232759338,0.002038099991681225,0.049787871225355634,0.24432243573745946,0.1970301971549788,0.16304799933449796,0.11022377506031113,0.03618667332168705,0.19940104816571,0.03514682638715581,0.02632892438233092,0.04924715081939938,0.053406538557524336,0.0754928874469678,0.028824557025205887,0.02329257133349971,0.10739539139838616,0.1731553115381416,0.06829714666001165,0.06580151401713667,0.008152399966724897,0.05997837118376175,0.09387738124948007,0.13114549538307962,0.06359703851593046,0.040512436569336986,0.029448465185924637,0.04359038349554945,0.04259213043839947,0.03265119374428084,0.0027867897845437147,0.0239580733715997,0.6244072872473172,0.2716912070543216,0.06813077115048664,0.011687879544131105,0.0027451959071624656,0.021337659096580985,0.17194908909408535,0.16188337076782294,0.33383245986190835,9,60.00002302,400.69984626482557,0.14999994245002207,0.0003743448964312453,0.02246069378587472
1,Ballyfermot,0.009862576598136262,0.006272888792196962,0.01265455600275572,0.02973276768555785,0.0585227890786468,0.4803292360129084,0.5196707639870917,27579,0.34906994452300666,0.012291961274883065,0.1172631349940172,0.06969070669712463,0.07520214656078901,0.11360092824250335,0.06682620834693064,0.0019217520577250809,0.03241596867181551,0.1707095978824468,0.17473439936183327,0.1856847601435875,0.14637949164219152,0.06298270423148047,0.2270930780666449,0.1380398129011204,0.06421552630624751,0.0815475542985605,0.05986438957177561,0.07012582037057181,0.02092171579825229,0.01580913013524784,0.08597120997860691,0.15446535407375175,0.06969070669712463,0.0452155625657203,0.018709887958229088,0.18934696689510133,0.14478407483955186,0.11588527502810107,0.05464302549040937,0.027194604590449256,0.018746147431016352,0.027702237209470973,0.032379709199028245,0.02857246455636535,0.002791979404619457,0.030204140831792306,0.5438195728634105,0.2977990500018129,0.11320207404184345,0.019797672141847057,0.004822509880706334,0.02055912107037964,0.1242249537691722,0.11914862757895499,0.2433735813481272,4,8.568579001,3218.620029853419,0.4668218615400731,0.0001450378911490627,0.028790021393088946
2,Ballymun,0.008719723183391004,0.010011534025374856,0.011995386389850057,0.03469434832756632,0.06542099192618224,0.4801845444059977,0.5198154555940023,21675,0.3169550173010381,0.012410611303344869,0.1281660899653979,0.10643598615916956,0.0758477508650519,0.10657439446366783,0.04465974625144176,0.001845444059976932,0.030772779700115337,0.16405997693194924,0.1734717416378316,0.1419607843137255,0.12871972318339098,0.05301038062283737,0.30800461361015,0.08567474048442908,0.04581314878892734,0.06666666666666668,0.059423298731257214,0.07529411764705883,0.0209919261822376,0.014901960784313726,0.07575547866205305,0.17711649365628604,0.10643598615916956,0.06482122260668974,0.012272202998846595,0.13342560553633218,0.13241061130334486,0.12738177623990773,0.049919261822376014,0.023529411764705882,0.016239907727796998,0.023575547866205304,0.03155709342560554,0.02459054209919262,0.003367935409457901,0.0433679354094579,0.5473125720876586,0.2958246828143022,0.09919261822376008,0.019653979238754324,0.0034602076124567475,0.03455594002306805,0.13808535178777392,0.1334717416378316,0.2715570934256055,4,7.0251581760000015,3085.3397826753785,0.5693821974948795,0.0001845444059976932,0.03072664359861592
3,BlackrockCoDublin,0.007598974294827694,0.0033147789105009693,0.004878353868284445,0.011070110701107009,0.02686221777472012,0.4691663018325098,0.5308336981674902,31978,0.4323910188254425,0.004534367377572081,0.03602476702733129,0.13609356432547376,0.07389455250484707,0.12793170304584406,0.01638626555757083,0.001782475451873163,0.20773656889111264,0.4400838076177372,0.13384201638626556,0.04721996372506098,0.031771843142160236,0.008005503783851398,0.13134029645381198,0.013978360122584277,0.00981925073488023,0.024610669835511915,0.033616861592344734,0.07176809056226155,0.022452936393770717,0.02889486521983864,0.31177684658202515,0.1399712302207768,0.13609356432547376,0.036056038526486964,0.003533679404590656,0.025392457314403653,0.03830758646569517,0.10932516104822064,0.030552254675089124,0.020170116955406842,0.029332666208018013,0.07630245793983363,0.13887672775032836,0.14478704109074989,0.02304709487772844,0.017261867533929578,0.6785915316780287,0.23563074613796986,0.05888423291012571,0.008881105760210145,0.002032647445118519,0.015979736068547128,0.11142035149165053,0.10848083057101758,0.2199011820626681,3,8.965901635,3566.62400523871,0.3346010387052389,9.381449746700855e-05,0.01579210707361311
4,Blanchardstown,0.00805481351577316,0.005536409796284589,0.00590346458940843,0.021248394135280086,0.040743082036746266,0.4913640163951141,0.5086359836048859,98078,0.43206427537266257,0.010267338240991864,0.08753237219356022,0.07877403699096637,0.061359326250535286,0.047166540916413466,0.022573869777116173,0.0015599828707763212,0.08518729990415791,0.2947857827443464,0.1817532983951549,0.13821652154407715,0.08879667203654235,0.02920124798629662,0.18205917738942476,0.02573461938457146,0.021778584392014518,0.038265462183160334,0.048532800424152214,0.06912865270498991,0.02590795081465772,0.02521462509431269,0.155427312954995,0.17611492893411365,0.07877403699096637,0.0764187687350884,0.006188951650726972,0.0447806847611085,0.07586818654540264,0.12118925752972125,0.05350843206427537,0.03197455086767675,0.031097697750769794,0.05405901425396113,0.07011766145312914,0.060319337670017736,0.005250922734966047,0.03175023960521218,0.6417851098105589,0.2644629784457269,0.055037827035624716,0.009217153693998654,0.0019882134627541345,0.02750871755133669,0.15553946858622728,0.14786190583005362,0.3034013744162809,15,45.28753045,2165.6733989565555,0.33121700059491765,0.00015293949713493342,0.01949468790146618
5,BridewellDublin,0.01213360006958337,0.007567191441245544,0.013003392189266764,0.20053057319300688,0.2332347568931025,0.5167869879098895,0.4832130120901105,22994,0.4696877446290337,0.014786466034617729,0.1205966773941028,0.12042271897016613,0.04196746977472384,0.0748456118987562,0.04322866834826476,0.0025658867530660174,0.0735409237192311,0.21309906932243194,0.1539966947899452,0.11107245368356963,0.11402974689049315,0.06036357310602766,0.2738975384883013,0.0660607114899539,0.03118204749064973,0.04205444898669218,0.037748977994259365,0.06149430286161608,0.026746107680264416,0.022875532747673302,0.2318865791075933,0.16138992780725406,0.12042271897016613,0.08623988866660869,0.010959380708010785,0.09837348873619203,0.07867269722536313,0.10963729668609204,0.04840393146038097,0.02391928329129338,0.025571888318691838,0.05423153866225972,0.0901104635991998,0.0912411933547882,0.009002348438723145,0.0413151256849613,0.5305731930068713,0.31286422545011744,0.09606853961903106,0.019048447421066362,0.003957554144559451,0.03748804035835435,0.07114899539010176,0.06723493085152649,0.13838392624162826,0,3.005020767,7651.860596942091,0.0,0.0,0.032704183700095674
6,Cabinteely,0.007022043109238567,0.0025340416437687,0.0022592660438419732,0.009464492886365023,0.021279843683214263,0.4823838309824754,0.5176161690175246,32754,0.4038285400256457,0.00467118519875435,0.04796360749832082,0.11326860841423947,0.08698174268791597,0.12929718507663185,0.018806863283873727,0.0015265311107040362,0.14132625022897966,0.4066984185137693,0.17347499542040667,0.09003480490932406,0.050589241008731765,0.017371924039811932,0.12050436587897663,0.026408988215179827,0.019600659461439823,0.03843805336752763,0.04652866825425902,0.08243267997801795,0.026439518837393903,0.025157232704402517,0.20330341332356355,0.1882823471942358,0.11326860841423947,0.03648409354582646,0.004732246443182511,0.04933748549795445,0.06988459424803077,0.1420589851621176,0.04439152469927337,0.02564572265982781,0.03327837821334799,0.06481651096049337,0.09904133846247787,0.08905782499847346,0.010258289063931123,0.02408866092690969,0.6580570312022959,0.2476949380228369,0.061824509983513465,0.00925077853086646,0.0022592660438419732,0.020913476216645296,0.12691579654393356,0.12160346827868353,0.2485192648226171,35,18.41140732,1779.005777815794,1.9009953661706287,0.0010685717774928253,0.01181535079684924
7,Cabra,0.00787149329550135,0.0059493844675300896,0.007185025856940186,0.027367168550638414,0.048373072170610036,0.4732964166399707,0.5267035833600293,21851,0.4284929751498787,0.008420667246350282,0.08040821930346438,0.08091162875840922,0.06750263145851447,0.12223696855979133,0.039082879502082286,0.0019221088279712602,0.07336048693423641,0.272985218067823,0.18035787835796988,0.15482128964349454,0.10113953594801152,0.048464601162418186,0.1688709898860464,0.08603725229966593,0.03743535764953549,0.06018031211386207,0.05587844949887877,0.07427577685231798,0.022378838497093958,0.021372019587204246,0.1599011486888472,0.18044940734977805,0.08091162875840922,0.05015788751086907,0.011532652967827559,0.12740835659695207,0.09985813006269736,0.1224657910393117,0.04805272069928149,0.02869433893185666,0.026406114136652784,0.04544414443274907,0.07043155919637545,0.06763992494622671,0.005812090979817858,0.0441627385474349,0.5809345110063613,0.2757310878220676,0.08768477415221271,0.016978627980412796,0.0032035147132854326,0.03546748432566015,0.10827879730904763,0.10667703995240492,0.21495583726145254,3,11.3599619,1923.5099723353824,0.2640853927511852,0.00013729348771223282,0.021005903619971626
8,Clontarf,0.011143033590204871,0.0026582176516392344,0.003034127218537712,0.012592970491098998,0.02942834895148081,0.4765727787772199,0.5234272212227801,37243,0.44961469269392906,0.006551566737373465,0.04953951078054936,0.1016029857959885,0.06457589345648848,0.14394651343876702,0.023494347931154846,0.0018795478344923878,0.12442606664339607,0.3805278844346589,0.1848401041806514,0.10412695003087828,0.06425368525628977,0.01930564132857181,0.1225196681255538,0.03879923744059286,0.02462207663185028,0.04800902182960557,0.052788443465886216,0.09003034127218537,0.02440727116505115,0.024246167064951803,0.20868351099535484,0.18771312729908976,0.1016029857959885,0.040302875708186775,0.00426925865263271,0.06967752329296781,0.08519721826920497,0.13871063018553825,0.046585935612061334,0.029508901001530488,0.03187176113632092,0.06132696077115162,0.0994549311279972,0.09617914775931047,0.010203259672958678,0.02631366968289343,0.6218081250167817,0.26727170206481754,0.07794753376473433,0.011250436323604436,0.0022554574013908648,0.019466745428671158,0.10603334854872057,0.09929382702789788,0.2053271755766184,21,18.08325441,2059.529725988078,1.161295390966078,0.0005638643503477162,0.016835378460381818
9,Coolock,0.007718384310420777,0.005343496830291307,0.011644609579989655,0.01821385478712198,0.04292034550782372,0.4834811253902285,0.5165188746097715,52213,0.38555532147166416,0.008005669086242891,0.09792580391856434,0.07568996226993277,0.07544098213088694,0.10637197632773447,0.04027732557026028,0.0014364238791105665,0.035240265834179225,0.19832225690919889,0.20899009825139334,0.19602397870262195,0.12360906287706125,0.04608047804186697,0.1917338593836784,0.08754524735219198,0.05146227950893456,0.07455997548503246,0.05983184264455212,0.0796353398578898,0.02281041120027579,0.016183709037979048,0.08356156512745867,0.19433857468446555,0.07568996226993277,0.045084557485683636,0.009173960507919484,0.13391301016988105,0.14820063968743416,0.13320437438951985,0.058663551222875525,0.034933828739968975,0.0212207687740601,0.030911841878459387,0.037883285771742665,0.025798172868825773,0.001647099381380116,0.034378411506712885,0.572194664164097,0.2941604581234559,0.08946047919100608,0.015226093118572002,0.0032367418075958092,0.02572156359527321,0.13303200352402658,0.12720969873403176,0.2602417022580583,2,17.67688933,2953.7436720491137,0.11314207848808205,3.830463677628177e-05,0.02470649072070174
10,Donnybrook,0.010418844518781795,0.0035542546518921173,0.002683113805840128,0.015924454665830368,0.032580667642344414,0.470659976304969,0.5293400236950311,28698,0.4698585267266012,0.004495086765628267,0.03968917694612865,0.17562199456408112,0.04819151160359607,0.12373684577322462,0.01944386368388041,0.0027528050735242874,0.20886472924942506,0.3402327688340651,0.1189978395707018,0.04529932399470346,0.0351592445466583,0.010349153251097636,0.24109694055334865,0.01853787720398634,0.010279461983413478,0.0206634608683532,0.025541849606244338,0.049132343717332216,0.018015192696355143,0.02251027946198341,0.32800195135549515,0.1700466931493484,0.17562199456408112,0.04543870653007178,0.004669314934838665,0.0320928287685553,0.03292912398076521,0.080563105442888,0.025472158338560175,0.01578507213046205,0.02515854763398146,0.06732176458289776,0.15182242664994075,0.1590703184890933,0.023311729040351243,0.044532720050177714,0.6382674750853718,0.23642762561851002,0.06456895950937347,0.01191720677399122,0.0042860129625757895,0.044532720050177714,0.07965711896299392,0.07516203219736567,0.1548191511603596,5,8.219549164,3491.432367810581,0.6083058693655622,0.00017422816921039793,0.01665621297651404
11,Dun Laoghaire,0.010049449672994098,0.004519593768277768,0.0053171691391503155,0.032301802520338166,0.05218801510076036,0.469931408518105,0.530068591481895,37614,0.4026692189078535,0.0046791088424522785,0.05420853937363748,0.10325942468229916,0.07874727495081618,0.16448662731961505,0.02639974477588132,0.0014356356675705856,0.1434306375285798,0.3959164141011325,0.15698941883341308,0.08228319242835115,0.06011059711809433,0.02182697931621205,0.13944276067421704,0.03703408305418195,0.022465039612910086,0.04088903068006594,0.045621311213909714,0.08042218322964853,0.024405806348699956,0.024645078959961715,0.2462646886797469,0.17645025788270324,0.10325942468229916,0.0344286701759983,0.0058754718987611,0.06388578720689105,0.07082469293348223,0.12899452331578667,0.04538203860264795,0.024964109108310737,0.0310788536183336,0.06909661296325836,0.10405700005317167,0.11094273408837137,0.01464880097835912,0.028446854894454195,0.6154357420109534,0.2677992236933057,0.07810921465411813,0.013346094539267292,0.003296644866273196,0.02201308023608231,0.10650289785718084,0.10570532248630828,0.21220822034348916,22,11.2395141,3346.585952501274,1.9573799902969116,0.0005848886053065348,0.019886212580422183
12,Finglas,0.009477402850529906,0.008137410159580949,0.012035570715068828,0.027019125350225364,0.056669509075405036,0.4807406505055427,0.5192593494944573,41045,0.3835302716530637,0.009599220367888902,0.10537215251553174,0.06865635278353027,0.07326105493970032,0.10261907662321842,0.03985869167986356,0.004214886100621268,0.033036910707759784,0.19934218540626145,0.1830430015836277,0.17568522353514435,0.12856620782068462,0.053039347058106964,0.22728712388841515,0.08610062126933853,0.045145571933244,0.06307711048848824,0.05532951638445609,0.07136070166889999,0.02458277500304544,0.017858448044828848,0.08666098184918991,0.2095748568644171,0.06865635278353027,0.05876477037397977,0.011767572176879034,0.1414545011572664,0.13000365452552076,0.1222560604214886,0.05886222438786697,0.031550736995980024,0.019710074308685592,0.03011329029114387,0.03985869167986356,0.028286027530758925,0.0019247167742721407,0.043903033256182236,0.5565842368132538,0.29306858326227314,0.09772201242538676,0.017322450968449258,0.003776343038128883,0.031526373492508225,0.1355341698136192,0.1257156779144841,0.2612498477281033,10,38.18989241,1074.7608178454147,0.2618493891693056,0.00024363503471799242,0.029650383725179683
13,Fitzgibbon Street,0.02002276490066225,0.010399420529801324,0.008743791390728476,0.0408216059602649,0.07998758278145696,0.5084850993377483,0.4915149006622517,19328,0.42684188741721857,0.02224751655629139,0.13131208609271522,0.13100165562913907,0.04459850993377484,0.07145074503311258,0.041649420529801334,0.002690397350993377,0.05080711920529801,0.16783940397350994,0.1232408940397351,0.1169805463576159,0.11149627483443708,0.0677773178807947,0.3618584437086093,0.06694950331125828,0.031456953642384114,0.036165149006622516,0.03037044701986755,0.05360099337748345,0.02173013245033113,0.01960885761589404,0.15511175496688742,0.2240273178807947,0.13100165562913907,0.1017694536423841,0.012003311258278145,0.10394246688741722,0.08169495033112582,0.0972682119205298,0.04558153973509934,0.022816639072847682,0.025662251655629142,0.04444329470198676,0.0615169701986755,0.0597578642384106,0.005949917218543046,0.07838369205298014,0.4989134933774834,0.3093439569536424,0.09468129139072848,0.020591887417218544,0.005018625827814569,0.07145074503311258,0.07817673841059603,0.08138451986754967,0.15956125827814568,1,1.874714835,10309.834668801775,0.533414459271615,5.173841059602649e-05,0.03916597682119205
14,Howth,0.006830992643546385,0.003296073373459444,0.004203687780643928,0.011942294831374795,0.026273048629024555,0.4798414063246394,0.5201585936753607,20934,0.4061813318047196,0.0046336103945734215,0.0531193274099551,0.09238559281551544,0.0879908283175695,0.15515429444922135,0.0235979745867966,0.0024839973249259576,0.11459826120187255,0.40173879812744817,0.17555173402120952,0.11216203305627208,0.06381962357886692,0.014044138721696759,0.118085411292634,0.03749880577051686,0.025747587656444058,0.04939333142256616,0.0530237890513041,0.09166905512563296,0.026129741091048056,0.02321582115219261,0.19055125632941627,0.20359224228527756,0.09238559281551544,0.03233973440336295,0.005063533008502914,0.06788000382153435,0.08550683099264354,0.15472437183529186,0.05092194516098213,0.03133658163752747,0.03281742619661794,0.06558708321391038,0.09214674691888794,0.0821152192605331,0.008980605713193847,0.023741282124773097,0.6319384732970288,0.267364096684819,0.07170153816757427,0.011225757141492309,0.001910767173019968,0.015859367536065733,0.1122098022355976,0.10848380624820864,0.22069360848380626,5,14.48751222,1444.968582742635,0.34512481674372664,0.00023884589662749594,0.014330753797649757
15,Irishtown,0.010393341501542102,0.002872956187418142,0.003422197811483375,0.016308251299167686,0.032996746799611315,0.4741222696353881,0.5258777303646119,23669,0.5590012252313152,0.00481642654949512,0.049938738434238884,0.08711817144788543,0.04837551227343783,0.10515864633064344,0.018124973594152688,0.0029997042545101193,0.19176982551016095,0.366808906164181,0.14964721787992732,0.07427436731589843,0.05150196459503992,0.02387088596898897,0.14212683256580338,0.031053276437534326,0.01774472939287676,0.02716633571338037,0.029532299632430606,0.047319278381004685,0.01846296843973129,0.023828636613291647,0.33410790485445097,0.2052896193333052,0.08711817144788543,0.05391017786978749,0.005661413663441633,0.054163674003971436,0.051797710084921206,0.08703367273649076,0.034348726181925734,0.01858971650682327,0.025476361485487348,0.0646415142169082,0.1621107778106384,0.17182812962102328,0.02082893235878153,0.038024420127593064,0.649795090624868,0.2474544763192361,0.060839072204148886,0.00904136211922768,0.0021124677848662807,0.03075753094765305,0.07613333896658075,0.07587984283239681,0.15201318179897758,13,13.37016576,1770.2847088711035,0.9723140485582132,0.000549241624065233,0.016688495500443618
16,Kevin Street,0.013793340671436434,0.008908915795266923,0.009356081452944413,0.040795266923500266,0.07285360484314804,0.5070170610897083,0.4929829389102917,29072,0.4572440836543754,0.014102916895982387,0.10370803522289487,0.16290588882773804,0.039832140891579534,0.0686915244909191,0.03873142542652725,0.0025798018712162906,0.0744358833241607,0.20855118326912486,0.1422674738580077,0.10725096312603193,0.10876444689047883,0.05310952118877271,0.30562052834342324,0.06511419922949918,0.029891304347826088,0.035222894881673086,0.035463676389653274,0.05080489818381948,0.021807925151348374,0.0221862960924601,0.21979911942762795,0.1591565767749037,0.16290588882773804,0.08544303797468354,0.008186571271326363,0.0976884975233902,0.06748761695101818,0.09376719867914143,0.04320308200330215,0.023424600990643918,0.02566042927903137,0.05383186571271326,0.08334479911942763,0.09101541001651073,0.009734452394056136,0.04210236653824986,0.5485002751788662,0.29667721518987344,0.08764446890478811,0.016373142542652725,0.0039900935608145295,0.04681480462300496,0.0714433131535498,0.07127132636213539,0.1427146395156852,1,2.774478265,10478.366461450727,0.3604281253938748,3.4397358282883873e-05,0.03205833791964777
17,Kilmainham,0.014389091061195463,0.012506797172376292,0.009076839419416907,0.043460074455180485,0.07943280210816915,0.4904003011670222,0.5095996988329778,23907,0.4681474045258711,0.009536955703350485,0.10034717865060444,0.08679466265110637,0.047141004726649095,0.09482578324340153,0.05002718868950517,0.0020496089011586564,0.08018571966369682,0.2558664826201531,0.1424269042539842,0.11143179821809512,0.10749989542811728,0.0453005395909148,0.2572886602250387,0.07169448278746811,0.03429957752959385,0.04668088844271552,0.03957000041828753,0.05462835152884093,0.02116534906094449,0.024469820554649267,0.2244949178065002,0.18153678838833812,0.08679466265110637,0.0735349479232024,0.008825866900907683,0.10796001171205086,0.08298824612038315,0.09549504329275944,0.05019450370184465,0.026979545739741498,0.026561258208892796,0.05266240013385201,0.09804659723093656,0.09235788681139416,0.008323921863889238,0.04814489480068599,0.5456560839921362,0.28075459070565106,0.09859037102103986,0.021918266616472164,0.007152716777512862,0.04592797088718785,0.08721295018195507,0.0834901911574016,0.17070314133935668,3,4.86573594,4913.336912401374,0.6165562695948518,0.00012548625925461163,0.03597272765298866
18,Lucan,0.006442520636198913,0.004400471684546579,0.004573039201587621,0.013316460065000429,0.028732491587333545,0.488912537030113,0.5110874629698869,34769,0.4400184072018177,0.006557565647559608,0.0663234490494406,0.07892087779343668,0.060858811009807584,0.055566740487215625,0.018320918059190658,0.0016969139175702494,0.0944519543271305,0.3447323765423222,0.19528890678477956,0.1270384537950473,0.07874831027639564,0.02148465587160977,0.13825534240271506,0.021542178377290114,0.020046593229601083,0.03888521383991487,0.045816675774396735,0.07843193649515373,0.0286749690816532,0.027380712703845383,0.16629756392188444,0.16603871264632286,0.07892087779343668,0.05622824930253962,0.003997814144784147,0.04141620408985015,0.0735425235123242,0.12439241853375133,0.05125255256118957,0.03365066582300325,0.033478098305962205,0.06111766228536915,0.07877707152923581,0.0622681123989761,0.005090741752710748,0.024130691132905748,0.6701084299232074,0.2483246570220599,0.049469354885098786,0.008254479565129856,0.001639391411889902,0.022203687192614112,0.16017141706692745,0.15556961661249966,0.3157410336794271,4,27.03156473,1286.2370472180949,0.14797515570975234,0.00011504501136069488,0.015416031522333113
19,Lusk,0.004431072210065646,0.004431072210065646,0.0025711159737417943,0.009190371991247264,0.02062363238512035,0.4906455142231948,0.5093544857768052,18280,0.42335886214442014,0.0072210065645514215,0.07177242888402625,0.0712253829321663,0.07456236323851204,0.06187089715536105,0.02188183807439825,0.0018052516411378558,0.06914660831509847,0.3013129102844639,0.1839168490153173,0.16657549234135668,0.09857768052516412,0.03517505470459518,0.14529540481400438,0.03276805251641138,0.0262035010940919,0.04967177242888403,0.0612691466083151,0.08331509846827133,0.032439824945295404,0.025164113785557992,0.12401531728665208,0.187691466083151,0.0712253829321663,0.039934354485776806,0.005470459518599561,0.06203501094091904,0.09666301969365426,0.14310722100656456,0.06859956236323851,0.04086433260393873,0.03233041575492342,0.04928884026258205,0.055689277899343546,0.041083150984682716,0.002352297592997812,0.025054704595186,0.6308533916849015,0.27571115973741794,0.06159737417943108,0.010722100656455142,0.00262582056892779,0.01849015317286652,0.15421225382932166,0.1574398249452954,0.3116520787746171,5,54.56421164,335.01812727739065,0.09163515516340008,0.00027352297592997805,0.011433260393873086
20,Malahide,0.006239809356578452,0.0031042267653329987,0.0033237175467201808,0.011695723065345541,0.024363476733977173,0.4914712153518124,0.5085287846481876,31892,0.4508340649692713,0.005361846231029726,0.048726953467954345,0.09676407876583468,0.07929888373259751,0.09836322588736987,0.016430452778126176,0.0018499937288348172,0.1134453781512605,0.43873071616706383,0.18073498055938794,0.10607675906183367,0.050232033111752165,0.012228772105857268,0.0985513608428446,0.016305029474476356,0.016712655211338266,0.03922613821648062,0.051705756929637525,0.08669885864793679,0.029913457920481626,0.02599397968142481,0.1918035871064844,0.20553743885613948,0.09676407876583468,0.036968518750783885,0.002916091809858272,0.037031230402608806,0.06960993352564906,0.14887746143233413,0.047472720431456165,0.0348990342405619,0.03640411388435971,0.0674463815376897,0.1006208453530666,0.08350056440486643,0.007713533174463816,0.027404991847485263,0.6756866925874827,0.2458923868054685,0.04994983067854007,0.0069923491784773615,0.0012542330364981814,0.020224507713533176,0.1313809105731845,0.1206885739370375,0.252069484510222,4,22.2523009,1433.2001056124493,0.17975669203718167,0.00012542330364981818,0.012667753668631633
21,Mountjoy,0.017627296129848598,0.010166237619442384,0.01073345259391771,0.0352545922596972,0.07378157860290589,0.5187835420393561,0.481216457960644,22919,0.4313888040490423,0.011213403726166063,0.10436755530346,0.11819887429643527,0.050918451939438884,0.1112613988393909,0.029669706357170908,0.0274008464592696,0.08303154587896505,0.2601771455997208,0.13626248963741874,0.10131332082551596,0.09123434704830054,0.04398097648239452,0.28400017452768445,0.0512238753872333,0.029233387146036037,0.036781709498669234,0.040446790872202106,0.06418255595793883,0.02220864784676469,0.021685064793402854,0.19337667437497272,0.21903224398970286,0.11819887429643527,0.08804921680701601,0.008770016143810812,0.08717657838474628,0.08211527553558183,0.11017060081155372,0.046947947118111615,0.023430341637942317,0.025001090798027842,0.050133077359396136,0.08268249051005716,0.08490771848684497,0.009555390723853571,0.06728042235699637,0.5375016361970417,0.28334569571098217,0.0890527509926262,0.01579475544308216,0.003534185610192417,0.07077097604607531,0.07975915179545355,0.0701601291504865,0.14991928094594004,4,4.049969214,5659.055362883556,0.987661828680755,0.00017452768445394651,0.03852698634320869
22,Pearse Street,0.039356749894202285,0.034013965298349554,0.02988785442234448,0.18911341515023275,0.2923719847651291,0.5121667371984765,0.4878332628015235,18904,0.5331675835801947,0.010579771476936098,0.06882141345746932,0.17123360135421076,0.041261108760050784,0.06633516716038934,0.028512484130342783,0.00761743546339399,0.10373465933135843,0.2394202285230639,0.12166737198476513,0.07733812949640287,0.06448370715192553,0.028512484130342783,0.3648434193821413,0.04512272534913246,0.02269360981802793,0.028300888700804064,0.026555226407109608,0.03681760473973762,0.016716038933559038,0.016874735505713074,0.25285653829877275,0.22661870503597126,0.17123360135421076,0.08373889123994922,0.006030469741853576,0.060516292848074485,0.053057553956834536,0.06596487515869658,0.02888277613203555,0.021000846381718157,0.025074058400338557,0.057236563690224285,0.0978628861616589,0.1239420228523064,0.020947947524333474,0.11203977994075327,0.5433241641980533,0.2694667795175624,0.056972069403300886,0.009468895471857808,0.002644942869234025,0.11812314853999152,0.05258146424037241,0.05147058823529412,0.10405205247566653,3,3.182020535,5940.879322452267,0.9427971840539991,0.00015869657215404148,0.10325856961489632
23,Raheny,0.005602913515027815,0.003121623244086925,0.006283267298995478,0.015207908112218354,0.03021571217032857,0.475847440669148,0.524152559330852,24987,0.3858406371313083,0.0058830591907792044,0.061592027854484324,0.08852603353743947,0.0793212470484652,0.1650858446392124,0.03425781406331292,0.0020810821627246174,0.08616480569896348,0.31460359386881176,0.19826309681034135,0.1398327130107656,0.0903269700244127,0.028334734061712087,0.14247408652499302,0.06695481650458238,0.03934045703765959,0.06383319326049545,0.0591907792051867,0.08764557569936368,0.023452195141473568,0.01961019730259735,0.14231400328170649,0.20158482410853645,0.08852603353743947,0.03013567054868532,0.008084203785968703,0.11217833273302118,0.1205827030055629,0.14271421138992274,0.04938568055388802,0.031296274062512515,0.027094088926241645,0.04986593028374755,0.06659462920718774,0.06079161163805179,0.0058830591907792044,0.02945531676471765,0.5854244206987633,0.28178652899507745,0.0954896546204026,0.017529115139872733,0.004202185136270861,0.015568095409613,0.11429943570656742,0.1130988113819186,0.227398247088486,4,13.65490799,1829.8914952996329,0.2929349654299648,0.000160083243286509,0.015007804058110218
24,Santry,0.009611612397018441,0.006529171103513982,0.004371462198060864,0.018466625567449418,0.038978871266042714,0.468334921257636,0.5316650787423639,35686,0.3962618393767864,0.006641259877823236,0.0650114890993667,0.1228492966429412,0.0647873115507482,0.15639186235498514,0.03499971977806423,0.002045620131143866,0.07232528162304545,0.28050215770890546,0.1796222608305778,0.13187244297483608,0.08415064731267162,0.03331838816342543,0.21820882138653813,0.06344224625903716,0.03396289861570364,0.058482317995852726,0.05638065347755423,0.07420276859272544,0.02303424312055148,0.020848512021521045,0.1476489379588634,0.20150759401445945,0.1228492966429412,0.046628930112649215,0.008126436137420838,0.10670851314240877,0.10558762539931628,0.1295746231014964,0.04620859720898952,0.030207924676343662,0.02446337499299445,0.046488819144762654,0.07168077117076725,0.06265762483887237,0.007341814717256066,0.04046404752564031,0.57165274897719,0.2826878888079359,0.0965925012609987,0.01871882530964524,0.0042313512301742975,0.02611668441405593,0.09970296474808048,0.09583590203441124,0.19553886678249172,22,15.13392195,2358.014011034331,1.4536879516548584,0.0006164882587008911,0.020512245698593286
25,Shankill,0.007623160306688992,0.004406451044328898,0.007094386181369525,0.018551158896624655,0.03767515642901207,0.4815810346347052,0.5184189653652947,22694,0.4041156252754032,0.007667224817132281,0.07358773244029257,0.1022737287388737,0.07742134484885872,0.09187450427425753,0.027848770600158636,0.002379483563937605,0.09416585881730856,0.33559531153608885,0.1830880408918657,0.12765488675420816,0.08160747334097118,0.030360447695426108,0.1475279809641315,0.040671543139155726,0.02925883493434388,0.051731735260421255,0.04494580065215476,0.0719132810434476,0.024896448400458272,0.021371287564995158,0.15753062483475808,0.20203578038248,0.1022737287388737,0.040539349607825854,0.00775535383801886,0.07098792632413854,0.09619282629769983,0.12835991892130078,0.050674187009782316,0.029655415528333482,0.03005199612232308,0.0535824446990394,0.0723539261478805,0.06750682999911871,0.007535031285802416,0.02969948003877677,0.6396844981052261,0.25486912840398346,0.07129637789724158,0.011280514673481977,0.0025116770952674718,0.02035780382479951,0.14179959460650393,0.13082753150612494,0.2726271261126289,10,20.7190533,1095.3203156246527,0.4826475348658909,0.00044064510443288967,0.019123997532387416
26,Skerries,0.004206467443694679,0.004469371658925598,0.0026290421523091755,0.011655420208570678,0.02296030146350013,0.4878625887301726,0.5121374112698274,11411,0.3819121899921129,0.006484970642362632,0.06511261063885725,0.09429497852948908,0.083954079397073,0.10297081763210936,0.023223205678731047,0.0016650600297958113,0.08947506791692228,0.3939181491543248,0.17737271054245904,0.12777144860222592,0.07019542546665497,0.020681798264832175,0.12058540005258085,0.028043116291297868,0.023573744632372277,0.04294102182104986,0.057488388397160625,0.08123740250635351,0.02637805626150206,0.025063535185347468,0.14897905529751992,0.19910612566821487,0.09429497852948908,0.03251248795022347,0.00587152747349049,0.05328192095346596,0.08167557619840504,0.14608710892997984,0.05047760932433617,0.03706949434755937,0.035842608009815084,0.062045394794496535,0.0735255455262466,0.06099377793357288,0.006222066427131715,0.019717816142318816,0.6490228726667251,0.2588730172640435,0.06695294014547366,0.009464551748313031,0.0021032337218473396,0.013583384453597408,0.15195863640347035,0.14450968363859434,0.2964683200420647,7,30.60530186,372.84389653133127,0.2287185413828165,0.000613443168872141,0.011304881254929454
27,Store Street,0.02086542501050273,0.019325024506371656,0.027633851468048358,0.10862157494281846,0.17644587592774122,0.5032908556224618,0.4967091443775382,21423,0.5256966811370957,0.014237034962423562,0.09536479484666012,0.15600056014563787,0.038790085422209776,0.047752415628063295,0.026466881389161184,0.003127479811417635,0.06731083415021237,0.2092143957428932,0.1432572468841899,0.10138636045371796,0.10152639686318443,0.04541847547028894,0.3318862904355132,0.03995705550109696,0.020958782616813703,0.02735377864911544,0.02441301405031975,0.046398730336554166,0.02296597115249965,0.022265789105167345,0.2119684451290669,0.2101012930028474,0.15600056014563787,0.1250525136535499,0.007935396536432805,0.06516360920505998,0.0549876301171638,0.08192129953787985,0.0430378565093591,0.023012649955655138,0.027540493861737386,0.0593287588106241,0.08299491201045606,0.09027680530271204,0.00835550576483219,0.08182794193156888,0.5494095131400831,0.2980441581477851,0.06773094337861177,0.011529664379405313,0.002007188535685945,0.0712785324184288,0.0593287588106241,0.0672641553470569,0.126592914157681,1,6.848610306,3128.079864791185,0.14601502426323046,4.667880315548709e-05,0.06782430098492274
28,Sundrive Road,0.013237159162967659,0.004954026632847179,0.007450856055802156,0.019617945466074826,0.04525998731769182,0.4753091312618897,0.5246908687381103,25232,0.3879597336715282,0.008203868103994927,0.1034004438807863,0.0791851616994293,0.06662175015852885,0.13268864933417882,0.0484701965757768,0.0016645529486366518,0.04807387444514902,0.21108116677235256,0.17089410272669625,0.1711715282181357,0.12967660114140775,0.05988427393785669,0.20921845275840206,0.12123493975903615,0.056317374762206725,0.06753329105897274,0.059408687381103366,0.0649571972098922,0.019023462270133164,0.017438173747622066,0.13435320228281547,0.16229391249207356,0.0791851616994293,0.046448953709575136,0.010383639822447685,0.17216233354470514,0.12389029803424224,0.11398224476854787,0.05156150919467343,0.027187698161065317,0.01957831325301205,0.03935478757133799,0.057625237793278376,0.04850982878883957,0.0035668991756499678,0.034757450856055805,0.5296052631578947,0.30366201648700064,0.1107720355104629,0.022273303741280916,0.006539315155358275,0.027148065948002537,0.10823557387444514,0.10700697526949904,0.2152425491439442,7,4.851759719,5200.587304682224,1.4427754887751894,0.000277425491439442,0.025642041851616993
29,Swords,0.006307351115994221,0.004455838369041079,0.007243280636432073,0.0168670776618039,0.03487354778327128,0.4942318256729537,0.5057681743270463,49149,0.4687786119758286,0.006958432521516207,0.0685466642251114,0.07495574681071843,0.05935013937211338,0.0554233046450589,0.027223341268387963,0.0013632016928116545,0.06333801298093553,0.3121528413599463,0.20179454312397,0.14873140857392825,0.10337951942053757,0.02984801318439846,0.14075566135628395,0.024171397180003662,0.023662739831939613,0.047162709312498725,0.060916804004150636,0.08602413070459215,0.02984801318439846,0.02730472644407821,0.13668640257177156,0.19703351034609048,0.07495574681071843,0.054833262121304606,0.0066735844066003365,0.0494821868196708,0.09005269690125943,0.14797859569879346,0.06443671285275387,0.041648863659484434,0.03430385155343954,0.054019410364402116,0.061689963173208004,0.04765102036664021,0.0034792162607581033,0.031394331522513176,0.6306130338358867,0.273006571852937,0.05758001180085048,0.008667521211011414,0.0018922053347982665,0.028240655964516064,0.1471443976479684,0.1382734134977314,0.2854178111456998,26,105.245527,466.9937184123749,0.2470413778250168,0.0005290036419866121,0.018006470121467374
